Tracy Aguilera,000446862
Virginia Ferguson,000900952
Angie Cook,000137870
Julie Butler,000168186
Lynn Fullerton,000461740
Kurtis Patterson,000991475
Marion Mills,000712529
Hazel Meacham,000897302
Nathan Parker,000691297
Lisa Cummins,000217571
Frank Gellings,000704402
Kimberly Aronowitz,000690524
Michael Humphrey,000998857
Susan Pruitt,000205463
Dwight Isaacson,000940550
Kent Edwards,000615852
Edna Riegel,000366213
Paul Grand,000316345
Andrea Lewis,000358817
Dean Osborn,000729318
Lorraine Romans,000464307
Merrill Mcpherson,000468350
Jorge Gilmer,000423354
Marshall Caldwell,000051426
Kenneth Byrd,000091323
Teresa Suen,000800794
Susan Watson,000915462
Elisabeth Haddix,000566032
Roxanne Banks,000046621
Marilyn Story,000662327
Mary Vedovelli,000811843
Jennie Tyler,000317919
Kelly Fiedler,000952251
Chris Carte,000497364
Tara Oliver,000842460
Trina Gardner,000813508
Robert Jenkins,000675097
Harry Tate,000515121
Melinda Centeno,000375895
Natasha Hall,000698350
Mario Coore,000530041
Andrew Miller,000901216
Deborah Oliver,000045427
Ignacio Vanslyke,000789048
Guy Frank,000130716
Anne Curtis,000270054
Patricia Smith,000559942
Lisa Dininno,000764864
Carolyn Soders,000192157
Daniel Livingston,000693869
Jean Anderson,000877291
Marvin Morton,000984034
Shirley Conner,000870431
Jennifer Oconnell,000745026
Jennifer Stigall,000384308
Margaret Neally,000672255
Louis Forte,000867353
Nathan Sanchez,000851380
Marlene Rogers,000425967
Theodore Alexander,000441804
Darci Johnson,000672396
Pearl Chausse,000898092
Jimmy Bolden,000778878
Alejandra Martel,000104935
Reynaldo Miraflores,000448400
Michael Wang,000855621
Virginia Garrison,000378494
Jane Patton,000945880
Matthew Pettiway,000005162
Carlos Dunn,000481510
Trisha Mcmahan,000816777
Alexis Gonzalez,000727365
Dorothy Voigt,000785481
George Lauro,000917577
Linda Hendricks,000681604
Lucas Witherite,000068505
Brian Mckinnon,000382485
Thelma Burgos,000719562
Marvin Stallings,000756395
Noah Milano,000668395
Mary Castillo,000444550
Gary Sholtis,000725146
Elizabeth Jacobs,000430695
William Mcdonald,000186796
Stephen Bostick,000872546
Michelle Fisher,000812794
Anthony Herrington,000305450
Cindy Mackson,000177030
Ramona Davis,000819805
Jared Proctor,000770364
John Clark,000042854
Christian Smith,000015969
Wayne Yaeger,000666045
Mark Hamilton,000195141
William Wallace,000204691
Krista Rucker,000463894
Shawn Quezada,000678596
Noah Nyberg,000953900
Donald Elliott,000887446
Gregory Craft,000723397
Mary Kirschenbaum,000522257
Natalia Gomez,000916664
Lilly Houser,000050109
Bonnie Mccants,000809240
Rebeca Traxler,000081761
Charles Stockton,000195142
Stephan Friedman,000559496
Lorraine Garczynski,000532215
Henry Carpenter,000051208
Zachary Anthony,000578233
Steven Cunningham,000331204
David Levy,000071702
Adrianne Spirko,000828516
Kimberly Wright,000732950
Lila Davenport,000104571
Flor Schultz,000589637
William Howell,000415048
Melanie Nelson,000206990
Thomas Davis,000883067
Ellen Johnson,000513830
Fred Goldman,000028377
Joe Chancellor,000598696
Charles Pidro,000667277
Jeanne Smith,000391118
Tracy Contreras,000883446
Robert Hall,000124817
Aida Sibbett,000266849
Richard Santistevan,000269342
Troy Hill,000387606
Ronald Cruz,000482360
Shelley Williams,000848313
Robert Juliana,000041139
Clarence Marcus,000792327
Mary Goode,000348871
James Whisenand,000499383
Robert Erlewine,000447946
Tomi Estrada,000567099
David Lantz,000340885
Clarence Blanchard,000363788
Steven Horan,000167856
Mary Win,000828181
Michael Olson,000415669
Carolyn Ruiz,000010388
Earlene Fletcher,000383842
Josephine Deno,000208255
Randall Rockett,000342923
Adam Siegel,000283605
Brandon Mcvicker,000371031
Sylvia Sutherland,000264005
James Mattox,000878600
Dwight Patel,000681391
Dalia Baldwin,000081547
Idella Roggenbaum,000688057
Ida Bryant,000941208
James Bebee,000717582
Richard Browder,000953564
Susan Delker,000938367
Trudy Privateer,000976124
Christopher Hoskins,000406587
Richard Moore,000629354
Minnie Wilson,000587738
Michelle Morton,000217904
William Digeorgio,000820335
Jason Roe,000427860
Shane James,000138530
Anna King,000247872
Ashley Young,000803024
Virginia Gustin,000055153
Chauncey Jones,000144412
Shanika Kopka,000453265
Tony Balcom,000328492
Luis Johnston,000091000
Lauren Gibson,000765135
Alex Brelsford,000846659
Ron Hammett,000650581
Ashley Kemp,000595406
Carole Howell,000942668
Barbara Reker,000298299
James Mendelson,000684289
Gordon Gilbert,000936163
Rebekah Phillips,000096607
Chad Harris,000288859
John Herd,000662649
Marion Baker,000503385
Kelvin Shuler,000258636
Charlene Ovalle,000127086
Brian Marquez,000247090
Allene Walker,000642213
Shirley Andrews,000744603
Susan Burch,000296997
Suzanne Proffitt,000951803
Arthur Upton,000029399
Susan Willis,000532300
Charles Harris,000293426
James Stewart,000407790
Janet Garrett,000519408
Robert Silverwood,000130049
Jeffrey Simmons,000318336
Christy Horr,000834668
Sylvia Smith,000038392
Betty Raycraft,000221420
Gail Budde,000593044
Mary Odonnell,000778153
John Beatty,000639017
Scott Tucker,000500933
Ruby Boykin,000292136
William Henderson,000534241
Tyler Burgess,000134783
Rodney Marshall,000830608
Paul Alley,000411298
Sherry Hernandez,000194597
Jason Jones,000139349
Carmen Nichols,000413893
Roberto Smart,000371169
Frank Keene,000849190
Jeannette Newton,000324586
Florence Keenan,000146728
Mabel Simpson,000606900
Sara Rummel,000839420
Hubert Melcher,000217222
Larue Able,000874852
Thomas Swain,000915222
Ruben Flinchum,000614960
Josephine Joyal,000252106
Julio Daniels,000398176
James Gutkowski,000313585
Stephen Allen,000863277
Todd Swaby,000207091
Jeffrey Richey,000635290
Jorge Boyle,000610566
Kathy Brewton,000862578
Stephanie Myers,000919023
Jane Norman,000407675
James Beauregard,000726876
Larry Vallee,000940861
Paul Vega,000103088
John Thomas,000737422
Peter Shani,000823242
Elisabeth Levy,000324984
Michael Votta,000302553
Elisa Fannin,000846575
Beth Jackson,000699627
Brenda Tomlinson,000624563
Amy Werts,000922279
Bertha Daliva,000280248
Mark Gordon,000755801
Ernest Marcum,000070678
Jamie Vasquez,000829532
Ashley Elmendorf,000435940
Jean White,000735929
Margaret Monteagudo,000570483
Lorie Gaters,000601103
Nathan Wu,000510692
Dorothy Mcguyer,000681028
Linda Rievley,000161950
Malissa Romero,000966419
Julie Nussbaum,000621955
Ada Freeman,000964759
Sean Batten,000184028
Angel Fletcher,000682309
Leif Hill,000787285
Tom Taylor,000617302
David Lundquist,000390837
Patrick Noack,000695774
Gabriel Kipp,000341268
Herbert Mayes,000341688
Frieda Moss,000703517
Annamarie Stewart,000577987
Jillian Loske,000903608
Kevin Darden,000501350
David Byrd,000108551
Raymond Bono,000875652
Vivian Benoit,000209277
Daniel Nowden,000147522
Ida Reed,000524048
Michael Shahan,000628602
Gary Regan,000681132
Diana Arrington,000109746
George Wiley,000608267
Jeffrey Hardman,000912088
Annette Ingram,000672983
Joseph Taylor,000621947
Joseph Graybill,000104974
Richard Moreno,000145603
Robyn Endsley,000596200
Nicole Roberson,000222552
Jennifer Navejas,000441865
Jaimie Bishop,000118155
Donna Howes,000789226
Bruce Wordlaw,000884668
Manuel Bryant,000610277
Larissa West,000653770
Carolyn Boulet,000343175
Teresa Soule,000894065
Heather Miller,000780789
Roger Taylor,000226484
Marla Lovin,000427636
Amanda Boyd,000853702
John Paquet,000395575
Catherine Chaparro,000301480
Rosemarie Munroe,000467265
Zachary Cox,000488055
Anita Puckett,000371976
Jay Warren,000299330
Cynthia Birdsong,000525340
Richard Crossley,000752717
Shari Phelps,000138048
Paul Schlipp,000773329
James Nogle,000374564
Elisha Malkin,000204131
Bennie Henschel,000569135
Alec Owens,000382982
Hiram Durham,000489035
Louise Fredericks,000879637
Rene Gonzales,000238186
Thomas Medina,000537323
Linda Thomas,000019933
Tiffany Paramore,000302395
Jennifer Stead,000626199
Deborah Mack,000612623
Randall Clairmont,000079783
Brittney Crowe,000256815
Williams Richardson,000472064
Lucille Rainer,000164070
Luann Stone,000939164
Eddie Ramos,000934126
Phyllis Cornelius,000240652
Stephen Kiser,000818894
Lucile Serano,000886026
Michael Snowden,000834123
James Castoe,000112938
Toni Blake,000134010
Willie Evans,000474640
Dolores Myers,000751864
Janell Rodriguez,000135972
Lindsey Fields,000776902
Antonia Victorine,000667967
Daniel Spring,000084874
Frances Klink,000810269
Mary Prince,000754819
Arnold Hickman,000665955
Donna Creed,000420244
Pamela Freeman,000331107
Patricia Brown,000076937
Cynthia Clifford,000071426
Charles Girres,000409256
Clifford Waite,000270691
Aaron Peterson,000346922
Jose Adams,000836596
Rhonda Mcbride,000041525
Elaine Humphries,000125430
Elissa Sell,000553584
Randolph Butler,000494785
Greg Hall,000483813
James Harrison,000229764
Angelina Green,000802285
Verna Riley,000611742
David Pappas,000168514
Cynthia Zinke,000735184
James Martinez,000291707
Margaret Doss,000533512
Marion Fowler,000026568
Matthew Dubberly,000078521
Abraham Herman,000952684
Edward Jackson,000034050
Karen Duguay,000212859
Daniel Lenihan,000243626
Larry Bates,000045542
Gregory Hudecek,000661384
Frances Hanson,000204832
Harold Lumukanda,000202619
Jacob Martines,000369652
Jennifer Bisono,000734634
Joseph Hill,000514249
Barbara Mcdowell,000944197
Gloria Bushaw,000727690
Henry Worth,000298655
Thomas Markham,000046678
Robert Erlewine,000447946
Corey Wineland,000665439
Elijah Williams,000165782
Mark Glover,000421021
Lorraine Lantrip,000916361
Gwendolyn Derentis,000617719
Willie Vawter,000903806
Jung Suiter,000294447
Harriet Bratton,000160482
Ruth Perez,000281208
Javier Livingston,000631079
Dorothy Couzens,000695628
Elizabeth Haag,000679672
Lewis Atkinson,000389907
Scott Lema,000221196
Jewell Moreno,000318666
John Massey,000435040
Zachary Rocha,000616286
Jeannette Conover,000056403
Bill Hattub,000166137
Frances Murray,000634715
Richard Mccollum,000568363
Eunice Fountain,000179265
Marcus Fisher,000887174
Ronald Barragan,000255922
Sarah Ware,000061791
James Bristol,000240758
Anthony Wright,000791281
Howard Decker,000729962
Brittany Fairey,000198265
Ericka Watson,000389880
Graciela Rodas,000426257
Joshua Troutman,000444615
Karen Johnson,000907588
Floyd Kingsbury,000714353
Daniel Lee,000511190
Donna Roeger,000810833
Carl Ala,000781487
Mark Longbrake,000176159
Martha Clark,000061321
Graham Burkhard,000078445
Tina Cummings,000898381
Ben Bearden,000178499
David Fleeman,000244973
Melanie Beale,000492668
Raymundo Beavers,000576487
Barry Freeman,000435566
Ray Stroth,000907368
Kimberly Graham,000026570
Heather Howell,000927309
Lilia Dunlap,000890948
Oscar Mutter,000492436
Wayne Sewell,000236698
Mark Sanchez,000875051
Matthew Williams,000965835
Noble Mcclain,000256301
Dwight Calvo,000280876
Valerie Intrieri,000399087
Robert Morgan,000186100
Daniel Rickel,000933836
Rosemary Rice,000901706
Wanda Hall,000472001
Jodi Wu,000182448
Katherine Robinson,000424631
Lloyd Russell,000449358
Timothy Mosley,000146934
Jessica Porter,000992225
Sean Craig,000149740
Mollie Jones,000966135
Melinda Hatfield,000593845
Carrie Durgin,000895537
Louise Johnson,000189089
Maria Martinez,000652795
Harrison Grimmett,000517602
Walter Ballinger,000755299
Linda Addie,000410570
Wilbur Crouch,000671805
Louise Nykiel,000292036
Diane Smith,000838689
Lionel Qualls,000694367
Edgar Church,000683237
Yvonne Salcedo,000517736
Michael Alvarez,000230029
Mark Pitts,000625364
Margaret Cruz,000575588
Willa Jackson,000160323
Carol Wille,000413919
Helen Davis,000686600
Jeannie Liles,000830549
Malissa Dimaio,000977963
Raquel Marks,000631516
Mary Boyette,000163370
Anita Schultz,000123101
Mary Balke,000570370
Gary Sykes,000030088
Stacy Kuykendall,000155299
Ashley Shields,000183047
Tammy Smith,000254009
Olin Poole,000001606
Betty Brucculeri,000909415
Joshua Dixon,000872603
Leigh Orona,000594545
Louise Moore,000770558
William Friesen,000629042
Raymond Saavedra,000611363
Colin Deblase,000110366
Dennis Taylor,000771127
Barbara Bagaoisan,000280865
Michael Slaney,000893259
Alice Coston,000060074
Kimberlee Micklos,000463299
Eddie Lester,000309529
Lisa Najera,000715929
Matthew Felan,000791230
Pedro Winters,000330558
Margie Dawson,000191648
Jill Green,000034355
Thomas Taylor,000019351
Alma Marin,000815571
Pam Braziel,000128785
Marvin Sampson,000858001
Marie Nakamura,000648709
Richard Dobson,000094231
Don Castillo,000279261
William Mills,000869979
Victoria Butler,000120319
Sandra Joyce,000797851
Lamar Willey,000464121
Katherine Sanchez,000274583
Elizabeth Stanton,000854780
Jared Depaul,000324844
Brenda Goble,000154100
Reba Bruce,000375634
Bert Johnson,000810194
Justin Rivers,000562493
Ann Barnett,000877328
Annette Vilven,000809811
Regina Garcia,000849727
Cory Walker,000828728
Matthew Anderson,000668582
Noah Magee,000880106
Vivian Sherrer,000107972
Angela Sandoval,000470418
Lena Welch,000376813
Joan Saraiva,000680298
Stephanie Mead,000084787
Brittany Mohr,000413555
Betty Reyes,000748580
Erik Adams,000352561
Marlene Elza,000753044
Loida Petrie,000837869
Jess Mix,000707739
Janna Lynch,000186116
Maxine Pilcher,000723160
Donna Brooks,000121758
Tricia Hockenberry,000070074
Dorothea Simpkins,000231920
Robbie Belcher,000999655
Porsha Marak,000064963
Susan Newcomb,000635361
Stacie Tolbert,000105520
Ellen Rozell,000455214
Ron Bielinski,000066424
Richard Morley,000610073
Richard Hicks,000351041
Annie Poole,000133299
John Anderson,000511598
Fredrick Fraley,000637442
Helen Stewart,000214103
Angela Mclellan,000319322
Stan Griffin,000128052
Michael Duong,000720006
Anthony Wallace,000865734
Andrew Seat,000916645
Mary Gonzalez,000967706
Anita Hersey,000406272
Joseph Mee,000540153
Elizabeth Drexler,000525746
Kristy Sliger,000185921
Fannie Sundquist,000018715
Sam Holt,000798613
Loretta Palmer,000038216
Joanne Quinn,000124142
Chris Siemens,000826104
Ruby Homza,000508482
George Castillo,000438614
Grace Shumake,000963801
Thomas Rodkey,000834918
Alexa Moreno,000523533
William Stone,000166379
Sandra Washington,000113261
Tiffany Boyer,000977953
Angela Mccommons,000477532
Stella Wallin,000970642
Lloyd Garvey,000985435
Carolyn Brumfield,000190400
Kimberly Foster,000693291
Andrew Graham,000896072
Manuel Bothwell,000769162
Mickey Allan,000682619
Cristina Blake,000639326
Deborah Waid,000236340
Neil Harris,000060601
Royce Barksdale,000583746
Leah Little,000412012
Douglas Philpot,000021630
Barbara Jones,000594804
Linda Charles,000262099
Gladys Tripp,000519223
Flora Stevens,000327805
Jennie Lowry,000095739
Ryan Mahn,000121652
Benjamin Johnson,000684698
Jerry Spain,000201720
Cathy Bell,000071642
Sarah Folk,000854830
Elma Riley,000910205
Keitha Wright,000304556
Sherilyn Brown,000973918
Mary Young,000224088
Mee Burgess,000353246
Stacy Mikel,000511896
Forrest Chavez,000106610
Chris Johnson,000630275
Stella Hahn,000548367
Lisa Hart,000885963
Jacqueline Neal,000442145
Barbara Abruzzino,000728125
Janet Stephenson,000890443
Jeannette Mcintyre,000159171
Anderson Lovell,000943460
Paula Shawver,000568098
Charles Hall,000443511
Joseph Wheeler,000575337
Eric Pressley,000645063
James Kay,000843660
Pamela Pino,000180832
Pedro Holliday,000226313
Ruth Blaisdell,000732851
Charlie Burns,000306399
Michael Kennedy,000137145
Louise Gonzales,000660559
Nicholas Anyan,000004443
Anthony Smith,000628807
Royal Donald,000955636
Edward Shufelt,000663462
Roger Martinez,000377564
Alexander Creel,000216074
Cheryl Speis,000045215
Thomas Wolf,000336188
Paul Sager,000792870
Vernon Thompson,000566641
Elma Gray,000985492
Lucille Gregory,000143237
Wilbur Moore,000494624
Adam Banuelos,000295581
Sandra Carver,000362480
Cathy Shinn,000043432
Lily Johnson,000521064
Sarah Overstreet,000980151
Bernice Pennell,000361197
Roscoe Ramirez,000994091
William Covert,000251693
Raymond Shilling,000684604
Joan Henry,000939311
Sadie Ahern,000804675
Alice Bohorquez,000490511
Hilda Banks,000889227
Sherry Taylor,000295328
Paulette Brown,000978051
Roberto Garlock,000379197
Donald Hand,000584383
Norman Reitano,000306461
Elizabeth Gajeski,000416613
Agnes Rhodes,000710857
Michele Harlow,000229556
Terry Ramsey,000946526
James Leskovec,000022649
Linda Adamson,000973432
Denise Windom,000025415
Junior Hight,000651254
Alicia Welch,000830884
Ann Richardson,000890789
Linda Gonzalez,000382777
Michael Friesner,000634509
Tanya Kessler,000230005
Barbara Moyer,000298825
Tabitha Mayer,000807533
Susan Miller,000894467
Jim Brashear,000550048
Michelle Ventura,000071262
Elmer Gavin,000893498
Wendy Edler,000467651
Rebecca Franks,000671299
Joe Kleffman,000628462
Ryan Toulouse,000096994
Winifred Yang,000450051
Gabriela Chessman,000426015
Stacy Macdougall,000886773
Jane Cook,000902615
Krystal Dalley,000372653
George Tamulis,000645348
Jorge Rowley,000312380
Kathleen Powell,000005722
Charles Kennedy,000495416
Howard Melena,000990627
Calvin Schiefelbein,000457938
Virginia Stratton,000248624
Charles Griffith,000919814
Linda Mendez,000555412
Quiana Jackson,000876790
Kenneth Kopp,000535319
Bonnie Wolf,000796845
Wyatt Delmonte,000652600
Paul Berry,000710560
Matthew Brennan,000026778
Barbara Ikenberry,000600261
Anita Stahl,000318356
Jerry Cheek,000328245
Cora Hyzer,000811134
Georgette Simmons,000160699
Claude Bettis,000094102
Leona Freeman,000746349
Robin Hernandez,000891900
Travis Amisano,000698261
Gilbert Ruffin,000385697
Jamie Zamorano,000253901
Keith Strahan,000877058
Michael Perna,000336879
Bobby Souliere,000881701
James Barton,000853829
Tiara Monroe,000600669
Bill Smith,000856110
Pablo Eppinger,000388342
Joey Coffman,000881036
Wendy Yates,000242024
Pablo Lawrence,000499347
Ryan Howery,000250641
Marian Bryant,000258899
Edward Litton,000391267
Jeffery Duncan,000426342
Alexander Stanley,000731675
Bonnie Brown,000338327
Alan Baughman,000101711
Jennifer Zehr,000254297
Leona Richards,000202624
William Burks,000917421
Earnest Bradstreet,000713869
Linda Boaz,000605451
Robin Fletcher,000826652
Regina Arevalo,000960034
Alex Figueroa,000943721
Constance Vincent,000060451
Fabian Jodway,000555731
Ruth Mcbride,000213814
Donald Hutchens,000755027
Nathan Miller,000104487
Danielle Curtis,000870502
Jose Trujillo,000339860
Roxanne Baron,000906608
Sonya Frost,000173766
Rickey Rice,000254378
Brian Rivera,000119601
Chantelle Skinner,000794949
Gloria Thomas,000750556
Roberto Madison,000555349
Mark Harmon,000651367
Ronald Lipkin,000496248
Norma Robillard,000227341
Angie Lebrun,000815193
Juan Duncklee,000981981
Joel Grey,000803929
Diane Hemberger,000736056
Mary Genovese,000612633
Richard Roland,000009837
John Gales,000001887
Pedro Griggs,000675910
Gerald Greene,000968304
Paul Rustrian,000697726
Jennifer Rice,000261313
Kenny Kirkpatrick,000608939
Kristin Green,000592855
Sandra Mckemie,000234519
Donnie Mullings,000015906
Brett Parks,000153473
Carla Dallas,000450572
Kimberly Cook,000181167
Jessie Martinez,000668929
Cynthia Benck,000102431
Bradley Chiquito,000035037
Steve Felton,000815662
John Adams,000120897
Mary Martin,000423266
Jonathan Meier,000515549
Paul Delacruz,000512531
Rhonda Maloy,000928610
Steven Duncan,000632349
Anna Mcleod,000021828
Ellen Serbus,000025769
Arleen Thompson,000837920
Mary Johnson,000802314
Steve Ewing,000099310
Deborah Brown,000631068
Carlos Savage,000247415
Betty Walker,000747951
Gary Liriano,000023797
Edward Malone,000180570
Trudy Stallard,000459469
Philip Boore,000774199
Tommy Moore,000417809
Delbert Lawver,000281867
Elisa Morley,000388919
Steven Swatzell,000516963
Gary Berner,000625511
Randall Treto,000522550
Glenda Tucker,000197827
Santos Hanson,000919268
Mary Meyer,000940475
Margaret Metz,000277602
Lauren Chicas,000028996
Gladys Combs,000266908
Fabian Vereen,000919154
Romeo Kilgore,000252949
Felix Hood,000019374
Opal Copeland,000510544
Corey Graham,000710100
Kevin Modzelewski,000995740
Melissa Mcmanus,000654874
Kevin Brooks,000647794
Michael Rivera,000288647
David Cowan,000451454
Linda White,000484906
Dawn Mitchell,000578246
Erica Lounsbury,000113447
Frederick Parr,000500311
Rose Wares,000892668
Marcia Gonzalez,000131932
Benjamin Dearborn,000799357
Iola Harrell,000251244
Tracy Pearson,000039638
Carol Murphy,000811713
Hubert Hines,000341265
Ella Hanson,000052242
Kathi Tejeiro,000156348
Kevin Liv,000618553
Barbara Cook,000009058
Jeffrey Hayslip,000508294
Lori Klein,000056970
Annie Stannard,000205908
Ladonna Pawloski,000103150
Willie Debolt,000312210
Gregory Cardello,000808707
Jason Carter,000435879
Beverly Brown,000179068
Doyle Caffey,000727055
Ethel Metzler,000746520
William King,000844565
David Dudley,000673963
John Felmet,000801257
Naomi Gamble,000166171
Misty Avila,000932060
John Cusumano,000374172
James Felty,000591362
Nicole Ordonez,000099538
Damon Ramos,000434128
Trena Battiste,000552363
Edwin Clayton,000936185
Inez Gonzalez,000187360
Joan Thomson,000743758
John Gonzalez,000046012
Michael Redman,000020398
Erin Iman,000320966
Colin Cooper,000651436
Deborah Velazquez,000941593
Wanda Miller,000861745
Fred Mudget,000693733
Carrie Williams,000168070
Joshua Koch,000242969
Luana Sawyer,000149094
Rae Searby,000801766
Connie Walker,000797917
Dianne Maffit,000896069
Kevin Lafosse,000115712
James Carstarphen,000395416
Latanya Wolf,000925219
Leona King,000763969
Sue Todd,000726799
Kelley Sampson,000338438
Barbara Mcsorley,000776927
Brianne Bailey,000984594
Joel Merle,000231393
David Deen,000397202
Shannon Hardy,000750014
James Knudson,000407077
Bessie Gallegos,000005561
Terrence Abbott,000535927
Howard Montoya,000897226
Thea Bartholomew,000473250
Betty Ishak,000189306
Julie Crandall,000917790
Susie Underdahl,000868956
Willie Wilson,000785424
Julio Perea,000174466
Regina Dobbs,000452181
William Aderholt,000729036
Brandon Britton,000327158
Ruth Nicholson,000107820
Patrick Hesse,000316201
Shawn Donson,000885817
Sally Barrett,000535764
Anthony Taylor,000776968
Violet Wilson,000039577
Dennis Neblett,000502908
Mark Townes,000189925
Michael Burgo,000626888
Philip Predovich,000045684
Zachary Hennemann,000472917
Gayla Alonzo,000615705
Lee Wampler,000049316
Alice Stamour,000266677
Shannon Medel,000451518
Lester Workman,000183057
Thomas Moretto,000314138
Garland Wygant,000802497
Gloria Walsh,000972793
Jennifer Nenno,000684973
Ann Cason,000064609
Linda Smith,000926172
Joy Polit,000632108
Doris Lush,000833755
James Smith,000122309
Harold Zane,000204807
John Warren,000087867
Glennis Wallace,000924890
Cheryl Thomson,000860359
Eric Napier,000999817
Terry White,000754531
Barry Fleming,000983005
Bonnie Callahan,000848811
Kathryn Muray,000077405
Antoinette Donnelly,000414401
Christopher Meier,000227384
Glenn Peck,000911318
John Medeiros,000051517
Sarah Nichols,000159472
Anthony Shaddox,000633325
Betty Coffman,000728976
Edward Ferenz,000394625
Robert Evans,000658109
Tasha Johnson,000009893
Tiffany Gray,000384909
Frank Liu,000092864
Linda Cookson,000623085
Oliver Clark,000785281
Mark Jones,000727227
Robert Walls,000187852
Charles Martinez,000322355
Dolores Riney,000204781
Vivian Dudley,000596998
Valerie Dawson,000752658
Julia Mcdonald,000321151
Gloria Dodd,000021251
Nikki Tolley,000608276
Gerald Peterson,000796098
Darlene Grimsley,000171595
Jacob Hill,000918871
Jane Shupe,000174853
Bobby Thomas,000790188
Brian Dickey,000410868
Donna Bria,000095326
Margaret Youngman,000078554
Ashley Talton,000966894
Peggy Gilbreath,000384136
Tonya Roberts,000896312
William Hearn,000069689
Stefanie Brown,000470239
Jennifer Jones,000725697
Mark Stamper,000224554
Russell Moore,000104008
Ella Kupper,000286394
Zina Otis,000863680
Leona Penn,000562666
Carolyn Gonzalez,000790706
Jose Harris,000390880
Theresa Samuels,000332192
Ellen Bush,000039901
Anthony Fox,000784076
Louis Postma,000204209
Cole Brown,000364446
Nancy Brandt,000159180
William Powell,000925756
Corazon Hill,000161742
Daniel Reid,000706812
Erin Myles,000614064
Arleen Knott,000211952
Melvin Avalos,000557828
Ricky Finnegan,000925695
Lucas Holmes,000714812
Larry Girman,000307436
Kevin Wade,000065220
Christina Ingram,000470233
David Clayton,000459121
Charlie Coleman,000658645
Kristin Haynesworth,000513536
Holly Trosper,000285254
Ethel Gibson,000439434
Brinda Clough,000981673
Victoria Daley,000364844
Lynn Forbush,000897843
Robert Tuttle,000829236
Angela Smith,000491384
Mercy Mcdevitt,000657584
Rene Shetlar,000530086
Mary Lallo,000297560
Josephine Patchell,000217530
Jack Meyer,000689639
Madalyn Zaleski,000249807
Evelyn Edmonds,000260902
Wyatt Jodway,000751636
Donald Blank,000411104
William Sevin,000351195
Herbert Perez,000133298
Edward Linch,000446553
Lisa Ericson,000679810
Joshua Gonzalez,000440617
Pete Ashcraft,000748035
Jack Schneider,000098006
Pauletta Moore,000706109
Heather Beatty,000551674
Brian Vargas,000800222
Gerald Mazzei,000423243
Loretta Yao,000533316
Johnny Debroux,000280838
Amanda Enriquez,000870450
Lourdes Freeman,000423975
Ann Salerno,000046890
James Darou,000344737
Edmond Connor,000153732
Emily Bennett,000086551
Annette Dolan,000236403
Patricia Davis,000712820
Lila Abel,000658136
James Ishikawa,000833331
Roseann Longstreet,000267865
Latoya Gollier,000017457
Erin Heath,000055780
Sallie Bollman,000636716
Erik Honeycutt,000447974
Tracey Wilson,000125978
Wayne Hannah,000808452
Bobby Mcentee,000463272
Tawanda Middleton,000502392
Deidra Feinberg,000911568
Adam Boone,000497873
Sarah Riston,000594477
Nathaniel Hoffman,000297278
Robert Knoll,000006669
Edgar Thompson,000147077
Sue Michaelis,000437715
Robert Opteyndt,000383308
Robin Medina,000909266
Eva Nemith,000865867
Elizabeth Amaral,000970860
Rosie Houser,000656224
Rosario Romeo,000637170
Mary Marshall,000234718
Lori Calloway,000516303
Frances Godfrey,000022126
Albert Henry,000188752
Ron Stout,000256092
Anne Klein,000433168
Lance Lozano,000253386
Mamie Wall,000920896
Debbie Christie,000454843
Ryan Graham,000619945
Manuel Gates,000290890
Diane Martin,000197463
William Baker,000610564
Larry David,000419080
Lola Hotaling,000558263
Paul Good,000408621
Kenneth Giebner,000211329
Edward Bernabe,000774976
Randall Melnick,000254981
Patrick Renner,000757201
Christian Matthews,000365991
Stephane Hinton,000613022
Daniel Guillen,000438098
Alexis Gauldin,000678660
Lauren Desrochers,000789030
William Panetta,000607576
Laura Davis,000122885
Norman Thompson,000372717
Joe Kemp,000170022
Phyllis Williams,000603775
Constance Caldwell,000037145
Amelia Rohde,000728108
Michael Shepherd,000599684
Brandy Bilderback,000246884
Todd Spritzer,000395023
Marian Moore,000152499
Patricia Hall,000330311
Brenna Mccarthy,000224997
Vicki Haywood,000606830
Luis Schmidt,000227506
Mark Do,000914910
Jason Farmer,000948478
Roy Federick,000483458
Frances Roberson,000467961
Carole Byrd,000382150
Chris Alexander,000984730
Jessica Mirabal,000467101
Raquel Roman,000973128
Gloria Sexton,000361870
Samuel Crawford,000036705
Sarah Chojnacki,000939326
Linda Ellis,000626617
Gary Lampley,000260042
Julie Veer,000567206
Tracy Crawford,000446424
Joseph Guerrero,000348534
Raymond Ward,000485989
Leslie Gasca,000607000
Shirley Vanderveen,000198287
Bruce Bennett,000457914
Beckie Metcalf,000460642
Vida Kitchen,000642509
Jonathan Williams,000007214
Mary Romero,000982867
Jessie Dansby,000509853
Toni Land,000225075
Pamela Blow,000537892
Danny Mayer,000527758
Michael Carter,000304690
Erica Castelluccio,000515635
Jessica Smith,000657860
Scott Russell,000173246
Derek Salyer,000204858
Amber Hall,000093254
Karen Horton,000023491
Erica Hancock,000146049
William Gonzales,000480177
Raymond Davis,000441628
Mamie Benavidez,000037787
Jennifer Mancuso,000734458
Beth Garcia,000938642
Joshua Hoppe,000340059
Dawn Shaw,000142479
Richard Cousins,000559484
Irma Tunney,000832683
Dustin Vega,000154512
Brian Cowan,000762019
Jeffery Jones,000366580
Bertha Mowery,000770641
Ricky Frances,000249896
Carmen Collom,000882062
Shane Drabek,000230379
Michelle Baxter,000677305
Harold Arbogast,000297504
Frank Johns,000928016
Jay Foster,000258047
Catherine Upham,000083002
James Causey,000053765
Dona Pontbriand,000302656
Allison Rodriquez,000515934
Joseph Buchholtz,000064610
Robert Day,000107659
Linda Bell,000914396
Mary Shirley,000192159
Daisy Orozco,000325607
Christopher Rolf,000109941
Elmer Emberton,000713556
Lupe Duran,000351518
Barbara Hartman,000446802
Carl Osborne,000271816
Susan Smith,000304384
Donna Mcmanus,000387088
Patricia Cohen,000749308
Christine Smith,000628936
Rosemary Huynh,000998247
Thomas Chambers,000510109
Anita Rohde,000836954
Kristin Paul,000479828
Roberta Cotton,000855525
Sara Do,000007736
Alejandro Little,000467196
Michael Pope,000781980
Timothy Brooks,000045970
Harold Gonzalez,000978461
Margaret Reiter,000207363
Nancy Collins,000468043
Eleanor Yamaguchi,000643258
Rosa Mckeever,000373709
Orlando Vasquez,000143151
Joanna Young,000374610
Thomas Nelson,000367746
Matthew Vaughn,000703647
Howard Gaddis,000253487
Harry Roland,000611084
Tara Henry,000908660
Paul Waldron,000725789
Robert Thompson,000799547
Todd Sorum,000815329
Lucille Purdy,000000089
Addie Jackson,000966098
Larry Bailey,000823802
Tommy Wilson,000356218
James Williams,000422314
Zenaida Easley,000252399
Richard Ohagan,000799081
Antonio Garcia,000623334
Charles Wiederwax,000301107
Mary Springer,000387611
Brian Hill,000969842
Susan Mccarthy,000643123
Alma Cardenas,000872604
Alisa Goldsmith,000757590
Lakeisha Ware,000593836
Gonzalo Chasteen,000369364
Allan Ochoa,000486028
Freida Mceachin,000055401
Barbara Moss,000954773
Antoinette Ritzman,000689081
George Torgerson,000710520
Alicia Robinson,000763721
Elana Smith,000613867
Bart Ford,000098340
Preston Ledbetter,000512418
Maurice Chene,000867181
Annie Mcguire,000315870
Susan Burton,000882420
Mathew Culp,000007517
Clarence Pollock,000026385
Daniel Judon,000505894
Juan Wright,000607448
Amanda Mattox,000270514
Grace Robichaux,000186223
Henry Rein,000444867
Margaret Marks,000884489
Joseph Morales,000656367
Lynne Branson,000913515
Tammy Perkins,000532090
Jason Davis,000056677
John Culbertson,000989396
Helen Justus,000009559
Vincenza Amos,000715984
Mary Pham,000778700
Jazmine Millward,000081178
Florence Wilson,000722009
Louis Baxter,000454361
Nicole Ferguson,000753830
Jesus Bowen,000733102
John Purvis,000920696
Leroy Frazier,000278010
Howard Keiss,000797795
Rowena Reinhardt,000951066
Ada Shones,000828211
Norman Spain,000102427
Julie Forney,000716344
Daniel Helwig,000825717
Debbie Nguyen,000141827
Jocelyn Vandoren,000865292
Deborah Mehtani,000900486
Lori Comeaux,000630590
Tim Lievano,000673581
Tony Cagle,000467211
Ramon Pynes,000751158
Olga Lashley,000676464
Ismael Choute,000954088
Matthew Wilson,000281272
Jeff Pugh,000852301
Nicholas Washington,000873553
Elisa Regalado,000177053
Walter Hare,000636886
James Montenegro,000249120
Terrance Greene,000989968
Marie Blankenship,000011183
Adrian Boswell,000673892
William Shelton,000843850
Dorothea See,000145450
Kyle George,000617335
Gilberto Simmons,000871399
Victoria Solinski,000223177
Merle Johnson,000810041
Gary Anderson,000960491
Nina Bleau,000002434
Walter Berry,000803145
Clare Stover,000241957
Nita Jones,000622177
Scott Bailey,000037030
Daniel Damato,000316160
Teresa Johnson,000451670
Anthony Weaver,000529682
Michell Larson,000202555
Cynthia Mccabe,000311228
Arnold Simmons,000480066
Kristi Showe,000590185
Sue Patenaude,000548441
Gina Brown,000970115
Edwin Gagnon,000419844
Nan Snyder,000930716
Tomi Estrada,000567099
Roger Gonzales,000434138
Richard Rosario,000390974
Gail Nicholas,000142521
Darlene Abrams,000517478
Clifford Martin,000191496
Robert Daniel,000228539
Lincoln Lawler,000399130
Shanell Walker,000463777
Lenita Barnhart,000999888
Shirley Hosie,000481480
Christopher Kosiba,000780782
Jessie Dean,000021085
Anita Nelson,000778949
Mariela White,000333426
Jackie Phillips,000918006
Amy Rosenthal,000921233
Amelia Robinson,000311161
Alfonso Horton,000409479
Charles Dixon,000024202
Edna Dunlap,000269725
William Debell,000893978
Shawn Hebert,000450619
Cheryl Funderburke,000947013
Ryan Ashley,000963918
Matthew Krenz,000729211
Max Cody,000589674
Joseph Simons,000274370
Donald Rivers,000504525
Jason Vargo,000052987
Laura Gladding,000227273
Emily Arenas,000777413
Brenda Paez,000419922
Carolyn Burris,000920027
Kristina Jackson,000141628
Sharon Mccauley,000022665
Peggy Clayton,000521397
Erin Tuck,000641025
Euna Wallace,000067586
Barbara Moore,000842780
Tina Sperrey,000902557
Tomeka Barlow,000596134
Arnold Quarles,000972948
Edna Garcia,000343964
Charles Higgs,000659935
Jeanine Chance,000149160
Jessica Mickle,000089555
Kenneth Berry,000443738
Jackson Rodriquez,000348447
Jamie Warner,000575900
Kimberly Bresnahan,000779351
David Hawkins,000951741
John Dimock,000044741
Raul Warner,000087366
Wendi Knapp,000453800
Barbara Rolan,000752802
Olimpia Howard,000551344
Nancy Bennett,000245361
Tony Tate,000110934
Debbie Gutierrez,000759226
Kevin Miller,000052220
Eileen Smith,000425348
Freda Willoughby,000077810
John Mccormick,000691202
Jolene Arnold,000120989
Jose Deluna,000728267
Barbara Allen,000691755
Holly Harbin,000259897
Betty Bunch,000143285
Matthew Rodriguez,000112689
Karen Arredondo,000903781
Walter Castille,000648485
Shannon Cain,000861917
Joann Daniels,000298234
Michael Garrett,000693016
Kathi Blanche,000372385
Bradley Nazario,000461960
Rocco Westover,000170668
Dorothy Villegas,000753686
Robert Tatum,000560745
Diana Lacy,000445602
Carlos Martinez,000281641
Rose Nelson,000375351
James Mclaughlin,000924867
Grover Washington,000102690
Lorraine Hurtado,000677177
Mary Bjorklund,000591582
Enrique Browder,000423724
Mae Whitney,000500489
Bruce Saad,000907416
Merle Overton,000660595
John Bobo,000917606
Paul Porter,000471976
Peggy King,000278204
Barry Smith,000078649
Kelly Gilles,000672235
Nancy Griffiths,000781801
Vernon Haynes,000980695
Hector Lassiter,000261463
Kyle Estrada,000842325
Kathryn Daliva,000385872
Linda Davis,000674432
Anita Neubauer,000021726
Joan Welch,000217218
Daniel Lima,000596107
Kevin Green,000052503
David Herrmann,000971533
Bessie Mcmullan,000073817
Samuel Bacon,000350677
Carolyn Hernandez,000591349
Ruby Oguin,000780299
Karen Hacker,000133508
Caroline Honore,000306643
Jack Brooks,000901131
Thomas Lean,000293835
Travis Gunia,000900414
Theresa Kincaid,000317057
Vernie Warren,000613402
Cassandra Leanos,000689611
Son Mcalister,000284602
Jamie Hofmann,000872076
Maria Hynes,000298084
Aaron Galicia,000329974
Neil Germann,000611311
Tawana Coleman,000607319
Gary Ries,000832395
Frank Pullen,000030891
Mary Thibadeau,000574104
Michael Hines,000977848
Nena Dickerson,000044241
Theresa Garcia,000004968
Linda Heinen,000149805
Justin Keiss,000521251
Paul Tong,000371548
Philip Pelley,000641026
Stacey Corbett,000752366
George King,000705422
Linda Freeman,000524250
Marilyn Benjamin,000872677
John Semien,000615899
Deborah Dodson,000393763
Mark Youssefi,000342683
Debra Hancock,000636527
Conrad Houston,000430976
Donald Torres,000415063
Michael Torres,000945535
Francis Guynn,000344410
Miranda Caverly,000999287
Mary Teague,000620889
Lidia Hale,000876096
Ethan Knickerbocker,000051071
John Smith,000259129
Jennifer Engelhart,000902682
Tiffany Cardona,000924964
Misty Steele,000584364
Miguel Cardona,000294177
Michael Dipaolo,000077490
Evonne Delarosa,000590962
Michael Rickey,000153713
Robert Vetter,000901697
Felton Hammond,000145235
Dennis Johnson,000116471
Catherine Mash,000797049
Alicia Thews,000720000
Claudia Burden,000742963
Melissa Benear,000599966
Ben Brasil,000678490
Kevin Zahar,000562311
Jerry Liaw,000203225
Randy Polzin,000766147
Jeffrey Anderson,000312912
Elizabeth Dunn,000376980
Reda Garrett,000439737
Eleanor Mayer,000173961
Edna Upshaw,000195721
John Martinez,000719239
Dori Grigsby,000716064
Kenneth Kurian,000147741
Irma Call,000899758
Kevin Delisi,000519060
Georgia Brayton,000231113
Rachel Clark,000779747
Rosalee Sparks,000579177
Kenneth Jones,000312056
Cyrus Glover,000851483
Amanda Hayes,000750220
Lillie Orosco,000309271
Erin Fortner,000730690
Katie Rodriguez,000346632
Kenneth Chase,000316059
Judy Webb,000744946
Patricia Phillips,000475908
George Ho,000607969
Roger Mendoza,000972124
Jose Cohen,000651709
Kimberly Stelzer,000374137
Rocky Aubert,000522399
Rosalyn Meeks,000946868
Andrea Moorehead,000631057
Angel Montano,000358435
Daniel Batts,000198871
Howard Jebb,000061951
Huey Kauffman,000715396
Tyrone Calhoun,000862040
Gerald Williams,000489883
Mozella Perrien,000457823
Lois Butler,000486051
Raymond Baker,000697334
Jean Botta,000409949
Myles Berg,000017508
Betty Bashir,000426793
Ira Perez,000490169
Eunice Rebello,000659445
Christine Pierson,000387787
Antonio Vaughn,000784235
Germaine Spencer,000511603
Stephanie Parrales,000854195
Joseph Arthur,000916656
Loretta Milar,000942554
Jeffrey English,000301753
Richard Anderson,000194370
Robert Salley,000448037
Donald Matthews,000619260
Willie Gutierrez,000889553
Alan Frautschi,000151752
Frances Burnham,000590272
Corinne Hand,000880975
Jacqueline Summerville,000485152
Jason Bustamente,000799314
Justin Delorenzo,000852902
Viola Davidson,000540031
Suzanne Wank,000201310
Ming Fuentes,000266937
Clint Walston,000684494
Sophia Pederson,000666341
Robin Patterson,000516591
Hattie Bates,000918721
Leah Diaz,000786443
Peggy Hendricks,000593276
Christopher Juarez,000098075
Penni Smith,000433287
John Pyles,000433625
Cynthia Doke,000565498
Marcia Berringer,000426852
Ronald Cosgrove,000457967
Martha Hunt,000804560
Leon Greathouse,000126437
Alexander Hill,000195881
Christopher Monk,000925588
Edward Bernes,000247980
Linda Barnes,000930025
Stephanie Chandler,000521930
Virginia Harris,000765701
Emmett Sabo,000115852
Beth Wehausen,000226202
Cory Muller,000031738
Lisa Dardy,000141722
Crystal Boyce,000382328
John Collymore,000143367
Margaret Rodgers,000074825
Clarence Derosier,000119794
Michael Fletcher,000570423
Katherine Jenkins,000779332
Anne Hawkins,000695493
Michele Swallow,000843632
Joshua Whitney,000589655
Marie Smith,000792091
Carol Leneave,000178772
Dallas William,000158235
Joseph Thigpen,000046302
Karrie Holzman,000192348
Mitchell Wilson,000261076
Joseph Arnold,000112873
Sarah Seider,000985477
Tasha Lewis,000033260
Michael George,000843558
Anna Cross,000153632
Jennie Hodge,000589476
Dominga Clemons,000058005
Ashley Nixon,000108115
Sean Jenner,000206977
Susan Messina,000333514
Zachary Roberts,000365369
Hugh Johnson,000627826
Justin Williams,000179936
Krystal Williamson,000840984
Karen Gray,000599613
Natalie Brannon,000216852
Carol Mckinney,000971340
Clara Emerson,000136324
Melvin Massey,000502970
Jeremy Cuellar,000692847
Claudia Porterfield,000852994
Marissa Potter,000221160
William Li,000528603
Michael Brown,000744714
Melanie Balensiefen,000774514
Virginia Green,000885066
Amanda Perez,000028500
Sandra Vasallo,000819007
George Townsend,000670107
Fermin Pfeifer,000007411
Tammy Kelly,000241972
Theresa Perry,000738445
Fabiola Perry,000993120
Brittney Terry,000812818
Daniel Byers,000691598
Jimmie Barbin,000705902
Olivia Harner,000736285
Robert Green,000866104
Thomas Brazier,000819056
Sandra Cruz,000776669
Sandra Kubica,000845621
Willie Corwin,000343686
Ashley Cobb,000331235
Alice Surita,000399659
Beverly Austin,000224083
Richard Estrada,000865510
Marcella Norman,000344727
Josephine Gordon,000329423
Sherman Levasseur,000441716
Ellsworth Boyd,000365751
Richard Grudem,000209479
Theodore Malbon,000190181
Mark Ladouceur,000375271
Dorothy Maupin,000993176
Dorethea Temple,000191625
Esther Gunderson,000911252
Sheryl Unrein,000863093
Chris Schoderbek,000383681
Sandra Brown,000702266
Justin Parton,000081744
Thomas Barnes,000710149
Robert Mettlen,000181530
Beth Collins,000437824
Sammie Gilbert,000881916
Vernon Teague,000170833
Linda Silbert,000519384
Priscilla Mcgrath,000794077
Tillie Miller,000189668
Rhonda Vautour,000348941
Richard Goddard,000220947
Louise Carrera,000658833
Manuel Thompson,000454067
Mary Mcintosh,000365816
April Tinkler,000582098
Shirlene Okura,000406571
Frederick Waddell,000720946
Alvin Busi,000783076
Nicole Schroeder,000908283
Mary Roberson,000240827
Carolyn Bokor,000299997
Vanetta Ambrose,000697152
Kevin Quinn,000251250
Raphael Spell,000633839
Stewart Wight,000127265
Kristin Holman,000732164
Francis Brittingham,000347912
Donald Hood,000510171
Mae Smith,000375156
Kevin Ferrara,000604181
Cathy Johnson,000182564
Lannie Moneypenny,000595338
Delbert Dieteman,000091104
Anthony Greene,000847974
Harold Hackett,000770056
Ardath Eger,000825458
Lindsay Fortune,000074555
Brian Przewozman,000101210
Jerry Thomas,000962691
Sabrina Carmichael,000831228
Joe Boyd,000802059
Craig Jenkins,000542999
Edward Allison,000603078
Catherine Robinson,000167673
Kelly Hubbard,000086251
Lisa Kosky,000577256
James Franco,000198757
Wayne Chamberlain,000315017
Deborah Wilson,000998226
Ronald Willis,000079078
Ida Rinks,000126899
Richard Oden,000484888
Jane Costello,000764464
Benita Smith,000142086
Patrick Ramsey,000874088
Kristi Demarais,000028998
Joella Hernandez,000111548
Robert Haney,000148354
James Cline,000725493
Victor Verrelli,000021424
Sheri Crump,000792863
Lois Baxter,000378368
Antoinette Shelton,000322274
Stanley Gibson,000403412
Consuelo Mason,000664778
Kevin Stewart,000732387
Mary Graziani,000195646
Salvatore Brunson,000623796
Iola Gaden,000662466
John Clarke,000236444
Flor Wallace,000772649
Joseph Reese,000667474
Lynette Bray,000750809
Timothy Lockard,000460443
Thomas Edwards,000643774
Jerry Dominquez,000005502
Luis Brown,000937465
Mary Hayes,000234453
William Brandt,000994854
Thelma Lujan,000424673
Doyle Serrano,000513395
Steve Sachse,000443561
Sherry Woods,000032802
Catherine Jenkins,000018319
Cecille Borden,000396233
Ray Falck,000791670
Merlyn Duncan,000693949
Gregoria Falconer,000738646
Roberto Munson,000370067
Norman Oshell,000710975
Mabel Killeagle,000439507
Emanuel Deason,000195548
Evan Smith,000873219
Charles Spencer,000008811
Emogene Jefferies,000490122
Adam Lynch,000111515
Lynda Davison,000350041
Robert Edwards,000331617
Douglas Shafer,000514922
Joyce Estrada,000882029
Jennifer Thedford,000519047
Jon Albrecht,000864601
Matt Mcgee,000130446
Antonio Guest,000736495
Cesar Cho,000539981
Erin Watson,000706649
Jacqueline Anderson,000805650
Patricia Jones,000424855
Lamar Hampton,000039395
David Hanlon,000716710
Greg Cannon,000846507
Timothy Foreman,000126480
Sarah Flook,000162140
David Kang,000067823
William Conn,000470002
Mary Sperling,000465924
Leonard Spotted,000620466
Pedro Krug,000147048
Billy Wolfe,000450471
Terry Balch,000666706
John Wilford,000678759
Nettie Blackmon,000883082
Mary Gillick,000334142
Cheryl Bullard,000923198
Hugh Delgado,000147920
Jennie Boggs,000054254
Ernesto Apodaca,000048594
Margaret Wightman,000384861
John Bonnell,000011307
Susanna Mendoza,000783513
Donald Jones,000862434
Ruth Jimenez,000628970
Allen Casey,000293461
Jimmy Burriss,000439633
Gabriela Nowak,000150365
Nancy Jackson,000705971
Clarence Hunter,000937154
Cara Worthy,000181937
Michael Campbell,000089290
Crystal Mullins,000154921
Fidel Fried,000138345
Anthony Macri,000359853
Eric Matthews,000845040
Eileen Anderson,000181069
Hattie Bailey,000504339
Daisy Smith,000515547
Wanda Nobles,000828880
Sarah Middleton,000841835
Janelle Carpenter,000744692
Jim Blair,000942062
Tony Ramsey,000257212
Donald Angles,000605534
Jeremy Syers,000658650
Steven Bradley,000444327
Maria Sons,000027197
Jerry Farner,000455525
Ruth Mclarney,000062692
Katherine Adams,000854230
Cathy Mensalvas,000923740
Josephine Golden,000562708
Robert Anderson,000215129
Betty Scheid,000084084
Virgil Blankenship,000767107
Nicole Sandy,000450671
Jimmie Bridges,000703322
Diedre Brown,000315910
Marcy Grimes,000097605
James Quincel,000379403
Randi Peters,000133313
Wesley Rausch,000236224
Brian Satchell,000237691
Shelia Johnson,000623278
Antonio Nailer,000344299
Edris Lussier,000916900
Todd Alvarado,000262443
Michael Rose,000402890
Diane Boren,000907770
Brenda Harry,000031631
Kathryn Banister,000637522
Opal Marsh,000222415
Priscilla Fabian,000413519
Jose Chaplin,000981749
Raul Jennings,000152745
Kyle Coburn,000992551
James Yancey,000923906
Samantha Brothers,000289780
Gerald Jo,000869280
Stanley Perry,000017314
Benjamin Fletcher,000294671
Cora Gazitano,000247165
Liz Christophe,000478042
Richard Newman,000451644
Maria Roland,000775162
Maurice Powers,000873765
Jerome Reyes,000410650
Carole Moore,000888758
Lauren Lovell,000703013
Alice Mccarty,000694844
Gail Willis,000889003
Brandon Weber,000862665
Richard Wedgeworth,000799852
Roy Webb,000432324
Nicole Jackson,000020734
Suanne Hudson,000452540
Joseph Miles,000062334
Edwin Boldt,000967928
Charles Smith,000976249
Jesse Adams,000815857
Jessica Bell,000819496
Fred Hamar,000974648
Mark Shenk,000337864
Deborah Foor,000371450
Cole Penaloza,000974425
Albert Miller,000923579
Clarence Rivera,000169352
Walter Curry,000874173
Brittany Chavez,000015173
Judy Similien,000205244
Lisa Dolson,000128948
Eric Yelton,000322787
Maryann Bower,000476232
Joseph Witt,000403030
Jody Bowen,000396785
Mabel Konkel,000180210
Kimberly Gregory,000961424
Douglas Ahlers,000245351
Lana Glidden,000718397
Melissa Ireland,000889303
Mira Mittlestadt,000170533
Ignacio Shaw,000747082
Brian Herman,000482000
Marian Hammond,000793900
May Pearson,000699382
Karolyn Kerley,000102164
Haywood Walsh,000198912
Mark Keeling,000893925
Agnes Kimura,000198980
Maxine Flicker,000855359
Nicole Ferguson,000753830
Holly Pfaff,000083565
Carolyn Caskey,000142815
Kathleen Nagel,000320021
Willie Leberte,000874641
Rene Karam,000953522
Jesse Markrof,000353083
Josefina Douglas,000587356
Stephen Hawkins,000856361
Hong Wixom,000746764
Henry Berka,000925526
Muriel Corbett,000200974
Joan Seda,000732645
Janet Longfellow,000582625
Patricia Moore,000960437
Frank Scott,000729174
Loretta Whatoname,000028529
Pamela Warren,000948367
Victor Palczynski,000882457
Craig Paul,000801489
Mary Gallegos,000427368
Walter Wade,000839232
Corey Sahsman,000956833
James Rentfro,000341730
Albertina Fermin,000336804
Oscar Lyons,000115228
Elsie Lee,000274342
Charles Valle,000446646
Laura Holmes,000301897
Rick Shifflett,000129214
Shannon Oconnor,000556999
Freddie Ellis,000560608
David Culberson,000563817
David Autry,000984175
Jeanne Sinko,000972928
Brandon Reed,000767125
Percy Still,000009339
Kevin Lindsey,000983666
Dortha Knight,000515399
Larry Swartz,000058956
Mary Dagan,000929120
Lila Sewell,000336941
Ryan Hogen,000003286
Karen Christie,000302477
Christi Perkins,000489336
Mark Martin,000552590
Ray Carkhuff,000403583
Richard Eis,000241048
Luis Freitas,000296796
Marion Darragh,000660025
Kenneth Cook,000677861
Jacquelin Jolly,000202205
Melvin Mcdaniel,000506692
Gail Hill,000778923
Rebecca Thompson,000961229
Mary Porter,000432552
Kandy Adell,000392382
Stephani Jones,000211468
Tony Mcdonald,000540676
Kelly Robinson,000836900
Daniel Burt,000740293
Terry Dominguez,000911069
Paul Deas,000037177
Rolando Coatney,000389465
Grace Gregory,000524707
Inez Taylor,000664750
Oscar Weiner,000457272
Michael Blais,000077454
Ronnie Swainston,000215933
Joseph Robicheaux,000566259
Chad Munoz,000055737
Amber Henriquez,000446345
William Bertholf,000090430
Jessica Brand,000282685
Michelle Gillespie,000644465
Mark Rodriguez,000883966
Stacie Selmer,000697277
Clayton Houck,000810846
Peter Nunez,000740215
Cristi Lietzke,000693272
Carolyn Peterson,000098117
Irene Jackson,000072658
Russel Jackson,000453794
Margarito Lambert,000874461
Marian Cashio,000878054
Marianne Gabriel,000487546
Ryan Zuehlke,000781158
Hank Elliott,000242438
John Berry,000907891
Suzanne Duran,000237982
Leah Langton,000402147
Beverly Speight,000643532
Mike Young,000966095
Pauline Moore,000733806
Florence Bowlin,000327156
Charles Lopez,000804211
Jim Sherrow,000291195
Lester Phillips,000485164
Marjorie Browen,000699017
Steven Isham,000134599
James Bonilla,000795198
Carolyn Campbell,000609997
Henry Greene,000554323
Stacy Vargo,000895008
Don Gouge,000534195
Don Barraza,000068281
Charles Chambley,000845252
Barbara Norris,000902195
Charles Macfarland,000588905
James Klingbeil,000076663
Joan Ferrell,000520197
Jorge Bavaro,000407802
Tracy Ortiz,000089938
Thomas Ellington,000127421
Linda Hubbard,000738301
Crystal George,000680274
Robert Kellison,000686761
Latonya August,000729150
Joy Thompson,000606468
Mary Villarreal,000946290
Margaret Bittle,000179706
Opal Lewis,000065867
John Bynum,000565070
Stephani Brown,000151943
Amanda Koll,000077048
Latonya Young,000133302
John Starkey,000733353
Katie Ackland,000242046
Jerry Murphy,000531197
Eunice Shivers,000466271
Katherine Ramirez,000396114
Mildred Pope,000487354
Kathy Fadel,000921949
Lisa Micklos,000909630
Gregorio Kohn,000831520
Megan Smith,000103720
Margaret Lacroix,000347308
Meta Blacklock,000249264
Joseph Rowan,000455950
John Rodriguez,000154107
Lisa Clark,000206451
Wendell Watson,000054737
John Wagner,000920520
Sally Thomas,000486838
Nettie Whipple,000322781
Stacy Hecht,000069446
Corey Anaya,000893063
Florence Swilley,000137612
Nannie Shalash,000206294
Erik Lee,000717445
Clifford Hansberger,000868691
Julia Roth,000155446
Charles Pittman,000260279
Jim Anaya,000902734
Chester Wells,000920024
Lloyd Bishop,000555019
Michael Gorton,000897486
Christopher Nickerson,000509497
Mark Acevedo,000466313
Dale Uccio,000548165
Andres Easton,000983230
Rosalie Aguiar,000450809
John Thorsen,000385982
Charles Winslow,000994100
Patricia Meyers,000700092
Chris Davis,000755277
Phyllis Bourdon,000454217
Charles Gaona,000403072
Denise Dennis,000624039
Mark Wangler,000521802
Eunice Perry,000256907
David Secor,000610713
Donna Allen,000118036
Andy Yankey,000241192
Daryl Bell,000654187
Tina Endo,000415516
Jerrell Allen,000579510
Nancy Penn,000418070
Angie Bowman,000692683
Stephanie Metz,000237069
Amanda Wallace,000275214
Marlon Savage,000248614
Patricia Suarez,000290632
Steven Wolf,000769138
Sandra King,000529137
Dian Burnham,000165511
Adrian Pass,000638818
Joanne Still,000998492
Nicholas Reddy,000829767
Erin Griffin,000744580
Katherine Chapman,000851664
Robert Bash,000865090
Gilberte Smith,000968484
Kathy Ayala,000618170
Paul Bonneau,000591723
Beverly Mccloud,000926252
Anna Miller,000182531
Daniel Huntley,000274057
Duane Munroe,000286742
Philip Wiliams,000361985
Michael Toler,000357636
Jerry Ellis,000586176
Walter Gonzalez,000287749
Earlene Gannon,000495586
Kenton Nielsen,000082081
Kristen Anderson,000689701
Vicki Madden,000094434
Sheila Clark,000749939
Nell Horowitz,000437237
Bobby Burkett,000444555
Robert Bednarz,000468852
Yvonne Dean,000174904
Barbara Smith,000961357
Richard Bowles,000169266
Helen Pressley,000999809
Eddie Nilsson,000763999
Wesley Hall,000401925
Nancy Remley,000493585
Michael Gardenhire,000139130
Robert Mitchell,000331098
Susan Norrington,000826870
Stephen Morton,000244949
Michael Essary,000810756
Victoria Shaw,000797902
Kena Rivera,000284842
Robert Gerrald,000348264
Michael Caldwell,000169638
Elizabeth Yow,000273987
John Buczek,000987904
Curtis Butcher,000857714
Heather Godeaux,000167534
Melanie Byrd,000565119
Lena Thompson,000316988
Michelle Burke,000123621
Robert Bratton,000781107
Megan Luna,000792256
Cynthia Anna,000145167
John Broussard,000055076
Timothy Bentley,000987352
Paul Tomidy,000075942
Sean Sawyer,000598660
Daniel Knox,000209972
Laura Miller,000647338
Monica Ezell,000583521
Virginia Nielson,000823208
Thomas Stewart,000056016
Kimberly Moriarty,000992466
Bonnie Reilly,000875726
Jeffrey Jackson,000687430
Irwin Peters,000586152
Otto Farrow,000751663
Stephanie Chavez,000455851
Lawrence Harrell,000930669
Charlotte Barber,000165028
Lucinda Poncedeleon,000549905
Bradley Simmons,000454998
Robert Quinn,000104921
Elvira Burgett,000444774
Manuel Sweeney,000697823
Amanda Clark,000491854
Janelle Smith,000960525
Cheryl Block,000592789
Cary Su,000486371
Melvin Lynch,000975642
Jane Jalbert,000849608
David Henderson,000763626
Noreen Johnson,000483019
Martha Hirsch,000248069
Damien Macomber,000904518
Emily Sauer,000860557
Miguel Duncan,000857743
Jeff Stills,000485262
Elsie Bacon,000488514
Lori Dube,000190917
Gary Buchanan,000923342
Greg Boyden,000926147
Ida Cruz,000895967
Sheree Murdock,000611127
Karissa Grossi,000061295
Frank Millspaugh,000951937
Carl Coria,000541866
Mike Morales,000783874
Kenneth Boutin,000933666
Sarah Turner,000197281
Vicky Romig,000533270
Robert Nelson,000632539
Troy Singleton,000912115
Lori Luttrell,000282442
Stacy May,000251594
Annie Roberts,000864883
Hugh Denton,000071569
Anthony Netolicky,000098880
Margaret Clark,000808132
Barbara Delossantos,000773588
Charles Cook,000221954
Mary Hill,000694661
Shawn Bryant,000291158
Thomas Wrona,000886813
Mary Dole,000860112
Mary Gabel,000082983
Scott Sherrer,000500379
Allison Adams,000373821
Alicia Jenkins,000051962
Kip Griffin,000572364
Richard Ferreira,000845728
David Tuggle,000461769
Mary Conn,000706446
Evelyn Reilly,000659084
Andree Ruiz,000320754
David Stone,000086484
Laura Tharpe,000446355
Zachary Gilbert,000619459
Marcelina Marrow,000034669
Sandra Habbyshaw,000225102
Karen Perez,000373071
Eli Green,000756062
Clara Frazier,000450015
Kenneth Brown,000916058
Stephanie Ellis,000439024
Tammara Snell,000474947
Eva Donovan,000769683
Allyson Lane,000963311
Keven Hansen,000771500
Arthur Mooney,000545176
Irene Massey,000214745
Cindy Baily,000914223
David Bradford,000622254
Kayla Arpin,000185446
James Hobbs,000114951
Larry Dowty,000309531
Albert Macpherson,000207975
Shelly Matthews,000102795
Billy Royce,000981026
Christopher Cartwright,000265949
Christine Cheng,000910336
William Washington,000742273
Randy Merchant,000466597
Frederick Beers,000553390
Richard Krammes,000929082
Arturo Brooks,000079885
Christina Parker,000501399
John Pedrick,000460085
Traci Miles,000072606
Dale Villalobos,000878075
Steven Crabtree,000760433
John Santana,000783828
Marcia Fiala,000760276
James Hammer,000639847
Bernice Reitan,000981247
Issac Anderson,000501485
Jessie Pfeffer,000622531
Andrew Foley,000817584
Anthony Callahan,000464428
Lois Rollins,000111004
Bill Nichols,000074991
Justina Washington,000790199
Mike Beatty,000421886
Clint Mitchell,000735795
Jackson Milburn,000469140
Sam Miller,000035366
Mack Wall,000923619
Jordan Torres,000273626
Matthew Donnelson,000918087
Jonathan Givens,000842624
Jacqueline Mckamey,000076870
Tresa Cremer,000178460
Clarence Barfield,000379864
Kevin Williams,000128779
Jodi Rosa,000569319
Jamal Crichton,000229328
Robert Gill,000394756
Manuel Bailey,000685028
Keith Specht,000072202
Donald Carroll,000510585
John Marcum,000427166
Leroy Ohara,000679852
Sara Tomes,000414968
James Masters,000047079
Altagracia Boone,000817180
Alma Mosley,000727890
Jason Klaus,000703445
Elizabeth Powell,000910139
Karen Muckle,000608878
Doug Schutz,000796791
Cheri Dickinson,000266119
Ron Blackburn,000565364
Freda Potter,000929270
Tony Arbogast,000004552
Howard Noble,000116286
Kimberly Moore,000489496
Allison Mclaughlin,000042270
Jack Blain,000269250
James Bedolla,000805478
Lindsay Smith,000128207
Shirley Owsley,000234721
Joe Hall,000766023
Lowell Packard,000564502
Michele Daniel,000630775
Mary Smith,000881662
Ida Kuter,000376291
Alicia Odell,000416876
Janice Ramirez,000560843
Joanne Williams,000461623
Cameron Young,000564529
Thomas Philips,000686846
Carol Crimi,000351392
Theresa Beaupre,000352949
Ricky Padilla,000192006
Martin Goldberg,000722613
Michael Branch,000315716
Daniel Baumeister,000649582
Teresa Conrad,000105020
Robert Meluso,000791672
Joyce Whisenhunt,000352574
Genna Warren,000305154
Sarah Hunt,000274996
Gary Roberts,000247343
Dolores Burton,000295505
Carolyn Storer,000795487
Michael Shelley,000627557
Rosa Beebe,000472635
Jeremy Webb,000329154
Raymond Swann,000968750
Dewey Pugh,000979065
Susan Fitzgerald,000137494
Debra Poole,000089916
Mirna Martinez,000080460
Maryanne Stookey,000546078
Tara Kennedy,000315825
Terrence Crossman,000186923
Deborah Trujillo,000112684
Gustavo Mcgregor,000162714
Wanda Weeks,000090904
Rita Bayers,000235764
Myra Washington,000935524
Mary Parkhill,000676940
Mae Hilson,000070377
Gail Threadgill,000854900
Elroy Guerrero,000105699
Oscar Hinrichs,000308261
Terry Manning,000876380
Alan Gribble,000962946
Jeanne Rodriguez,000448643
Joel Mcmichael,000578141
Kelly Marble,000911273
Philip Bryson,000474138
Arcelia Lindenpitz,000152786
Roberta Jolley,000067746
James Dobson,000051387
Sally Hines,000660600
Pamela Perry,000986857
Michael Santiago,000165561
Douglas Mcpherson,000406634
Ira Brown,000109528
Gloria Cortes,000980468
Rose Large,000605597
Levi Delaney,000819411
Glenda Harris,000961636
Willie Cipriano,000541865
Ellen Rico,000110566
David Koch,000847395
Betty Dougal,000443696
Esther Ijames,000575843
Jean Edwards,000120027
Ruby Smith,000370166
Floyd Conley,000825319
Doug Solorio,000182622
Arnold Roberts,000001310
Charlie Mcdonald,000508698
Alfonso Mensalvas,000869516
James Johnson,000192380
Leatrice Lamping,000108363
Armando Pena,000851108
Theresa Barnes,000327104
Margaret Socia,000346081
Madie Jawad,000662700
Patricia Reed,000805155
Betty Rubio,000602307
Gertrude Roszel,000887414
Patricia Carpenter,000317921
Elvie Rue,000905377
Rita Brown,000718524
Marie Goodrich,000379411
Annie Lundberg,000466292
Bennie Findlay,000550724
Velma Greene,000304640
Ann Osborne,000981492
Michael Purdy,000499266
Robert Mora,000478500
Travis Tedder,000995630
Michael Roby,000649108
Andrew Robison,000253168
Gwendolyn Barbara,000842315
Lisa Guimond,000656623
Patricia Moro,000965437
Barbara Kyle,000966669
Hiram Kolesnik,000805439
George Armenta,000722566
Susan Lopeman,000144933
Willie Brady,000747775
Anthony Labossiere,000032366
Joanne Dew,000363005
Christina Dowler,000681281
Katina Lightfoot,000384348
Victor Butler,000011387
Marguerite Diaz,000142664
Bert Walker,000342459
Elizabeth Halcomb,000576528
Delores Neary,000357403
Florence Lloyd,000914207
Karen Mitchell,000742461
Alba Sullivan,000514887
William Palmer,000925883
Rudy Hall,000244957
Thomas Fry,000767911
Betty Rogers,000868096
John Daniels,000555426
Charles Fleming,000965197
Robert Tudor,000854139
Donald Rapp,000781001
Timmy Johnson,000056358
Shirley Mallette,000316036
Jacob Carrigan,000382499
Lorenzo Fields,000641601
Davis Delk,000309045
Tony Clouser,000249351
Matthew Morris,000600074
Blake Mendez,000326186
Albert Goetz,000092240
George Boyd,000667332
Patricia Blanding,000187777
Ed Dotson,000452196
Yolanda Lynn,000361137
Violet Squires,000058925
Rickey Barbetta,000188990
Aurora Stoneburner,000453508
Ann Mena,000989470
Cody Smith,000421297
Matthew Sprayberry,000126203
Carol Mancini,000675335
Catherine Rodrigues,000055436
Bonnie Sweeney,000535860
Pamela Glisson,000580228
Lillie Wentz,000446043
Pamela Hancock,000843533
Bonita Freudenburg,000567263
Edward Sherwood,000814238
Jeremy Bromley,000021431
Jose Black,000343661
Joshua Crook,000622331
Kelly Stewart,000836762
Karen Reither,000912553
Irene Alexander,000054912
Shanna Nicolet,000970977
Rosalyn Nailer,000344507
Mathew Lovell,000706552
Carolyn Williams,000556156
Gerald Bury,000073497
Annette Gonzales,000058916
Janna Jewels,000244245
Timothy Smallidge,000408209
Kenneth Mondell,000585431
Dirk Helmer,000237276
Jimmie Sato,000324225
Kurt Rodriguez,000700806
Harold Zapata,000497809
Tanya Oconnor,000593250
Anthony Wolf,000600424
Christopher Villa,000180093
John Jones,000091810
Romona Goldstein,000448881
Elouise Landers,000797498
Florence Leblanc,000215300
Mary Theriot,000493393
Michael Sotelo,000063394
Myra Hayden,000943237
Carol Hofmann,000067463
Caroline Smith,000686863
Gladys Corder,000546247
Christopher Quinn,000980766
Tammy Villalpando,000274977
Emma Flores,000583790
Martha Ceravolo,000488430
Belinda Milligan,000447063
Jeffrey Johnson,000174786
Edna Fry,000943804
Norma Garza,000179277
Pauline Swan,000531971
Viola Strider,000657804
Earnest Stanley,000242600
Tommy Findley,000174480
Mario Haward,000971440
Jason Forrest,000055260
Andrew Scott,000010773
Earnest Bell,000968945
Florence Galloway,000602562
Arthur Isaac,000966853
Daniel Connor,000385898
Todd Blakney,000137008
Sidney Koop,000278164
Elena Zubiate,000629359
Robert Love,000598644
Clara Lockett,000501853
Jamie Feldt,000467616
Sandra Hillman,000512040
Joseph Barnes,000887703
Andrew Monson,000271138
Norman Gunter,000006660
Doris Clinton,000932136
Imogene Orahood,000098002
David Ochoa,000803355
Brandon Howe,000330076
Donald Bello,000217638
Bernice Flannigan,000338085
Robert Elliston,000979615
Charles Shaw,000779736
Grant Dale,000122343
Lupe Carr,000567315
Cindy Mcgee,000542983
Robert Moats,000882545
Marie Wittner,000585379
Joshua Velez,000031441
Margaret Nichols,000505492
Manuel Kunkel,000267016
Vincent Roberts,000295070
Joanna Cranford,000666015
Robert Knight,000713779
John Lobianco,000348276
Oscar Lee,000895627
Theresa Houck,000146949
Michele Velez,000401152
Jarvis Winkler,000733037
Elizabeth Hodges,000866274
Estelle Christenson,000296553
Mattie Wilber,000903238
Maria Stallworth,000470757
Tamra Cortes,000595709
Evelyn Bingle,000607440
Jackie Ortego,000314561
Lyle Sheppard,000705883
Ned Levinthal,000271897
Natasha Davis,000331085
Kelly Roach,000267065
Troy Link,000701006
Andrew Twine,000716532
Amy Dalton,000947969
Irene Obiesie,000753615
Diane Odom,000301604
Katrina Walker,000702589
Kelli Szekely,000485950
Rachel Mckenzie,000570689
Marvin Santana,000055079
Irma Young,000617940
Phillip Tademy,000131770
Shari Reiley,000687866
Mary Menn,000427004
Christopher Demello,000780269
David Davis,000852809
Ollie Hernandez,000241437
Joy Roman,000654651
Iva Graham,000002726
David Brown,000444042
Luigi Porter,000680336
Daniel Evans,000814134
Robert Davis,000745115
Catherine Gray,000371344
Sean Knowles,000453983
Charles Fluitt,000582524
Marie Aragon,000042732
Robert Roach,000952947
Jacob Glenn,000561307
Angela Bolanos,000019127
Laura Ford,000889866
Anthony Steik,000890450
Michael Henderson,000322379
James Reese,000872746
Brian Hester,000502153
Rex Tilley,000416069
Raymond Bell,000729391
Patricia Clark,000278438
Courtney Krieger,000226735
Ernest Sikora,000173838
Edward Frank,000113363
June Knotts,000583479
Ronny Holliday,000397764
Jenny Spencer,000214581
Albert Hackett,000170058
Patricia Salas,000225290
Patricia Osborne,000301775
Paul Abrial,000794060
Carole Perkins,000117029
Maxine Lamark,000952293
Anthony Szala,000981599
Ed Sivertsen,000440416
Randi Parish,000871196
Rosaria Kachmarsky,000143866
Margaret Turner,000245089
Peggy Becker,000269698
Henry Sanmiguel,000994910
William Green,000351762
Paul Stafford,000199522
Juanita Graf,000130786
Earline Keaton,000905684
Kassie Pryor,000375270
Christopher Hymes,000825568
Sonia Turner,000980911
Francisco Bird,000612425
Jerry Lemley,000703737
Louie Corson,000939325
Richard Walquist,000957382
Kathryn Taylor,000736520
David Ziglar,000818510
William Seltzer,000611313
Rachael Mays,000613132
Orlando Brewster,000688069
Michael Green,000976693
Jeffery Newell,000414039
Clara Hurst,000294200
Mary Rodriguez,000695528
Travis Morrison,000808413
Jane Reed,000950943
Adam Anderson,000165296
Leonard King,000645238
Marcus Carlson,000878747
Ronald Sammer,000593835
Maureen Nolazco,000390736
Anne Culver,000591070
Ross Unger,000302404
Amy Barnette,000340307
Debra Hubbard,000939343
Claire Reiner,000559783
Petra Morales,000851598
Morgan Schear,000150396
Kathryn Spencer,000585480
Tony Villarreal,000604998
Keith Robinson,000494222
Peggy Bryson,000272105
Franklin Robinson,000978897
Terry Luffy,000230740
Flora Douglas,000932576
Joseph Kurz,000262430
Gwendolyn Pomeroy,000709513
Stephen Rojo,000566369
John Tate,000441538
Tom Scott,000418287
Lisa Camacho,000559029
Samuel Briley,000815420
Anna Bergen,000217002
Doreen Mccleary,000165804
Douglas Wright,000573231
Mark Owens,000899169
Robert Chandler,000774819
Yvonne Seitz,000115129
Daniel Anderson,000774886
Jason Tyler,000368952
Leota Hark,000827291
Samantha Day,000965971
Carolyn Kenyon,000978955
Karen Delacruz,000089093
Donald Hamilton,000505890
Anne Guess,000619684
William Stutzman,000631254
Julie Linehan,000890220
Patricia Hopson,000138012
Linda Brower,000690915
David King,000330638
Patrica Miller,000867564
Donald Swope,000711903
Ronnie Sandau,000091897
Mildred Plemons,000437813
Wendy Bridges,000160357
Martin Remiszewski,000259340
Eddie Bassett,000300296
Hiram Haynes,000349204
Danielle Tucker,000204569
Darlene Horne,000766414
Laura Lewis,000919171
Andrew Boyd,000093634
Maxine Nell,000647016
Antonio Cannon,000359656
Andrew Armstrong,000384411
Yolanda Hill,000119327
Jeffrey Neault,000051235
Michael Cantu,000953415
Roy Burke,000177223
Marcelina Karn,000720202
Jerry Goldstein,000666500
Charles Cranford,000944211
Stephen Jones,000156708
Dennis Pappas,000403866
Colleen Jackson,000501119
Craig Rodgers,000398497
Lucille Lopez,000284578
Brad Allen,000153621
Alyssa Fulks,000989134
Mary Gregory,000940813
Janet Nelson,000240912
Lola Drew,000626189
Karen Eastwood,000263112
Daniel Dunbar,000954115
James Appling,000104283
Margaret Ligon,000502613
Betty Masters,000097001
Mona Prout,000369615
Norma Marcum,000538196
Danielle Adams,000545061
Deandre Rackley,000032144
Donald Walters,000939507
Roland Stjohn,000924330
John Brasher,000446692
Dennis Stonge,000579236
Evelyn Graves,000183128
Larry Morris,000074366
Chanda Payne,000921276
Tami Montgomery,000443834
Paul Chamberlin,000862588
Curtis Perez,000061352
Gordon Smith,000122038
Ellen Henig,000025462
William Hagan,000646526
Erma Ferland,000903434
Gina Parham,000690346
Mabel Gonzales,000205160
Linda Baker,000653506
Elsie Falconio,000361553
Irma Bradley,000934276
Josephine Phillips,000081373
Rosalind Smith,000029125
Mollie White,000382187
Rafael Hanner,000956493
Kristy Sells,000963057
Douglas Hake,000047727
Ruben Nichols,000846865
John Graham,000411667
Casey Yusuf,000598229
Lewis Harris,000620510
Derek Day,000380200
Marian Hopper,000638234
Josie Singletary,000237628
Megan James,000537791
Ora Briggs,000182420
Bert Frantz,000923793
Brandon Lopez,000715384
Karl Brock,000408273
Jesse Vazquez,000834441
Christine Waguespack,000407765
Jessica Ireland,000242962
Jimmy Mathew,000553328
Brandon Martinez,000462179
Serena Ousley,000736474
Daniel Greene,000861400
Harry Mcintyre,000095224
Rodney Hunt,000205533
Iliana Martinetto,000004142
Rosa Owens,000623283
Scott Garza,000928345
Sue Jolley,000390864
Letisha Chesnutt,000466699
Michelle Hicks,000760971
Jane Tuenge,000489813
Karen Lumpkin,000884996
Justin Stewart,000494297
Delia Montgomery,000795763
Eleanor Dagostino,000717714
Dennis Jones,000015082
Michael Wheeler,000178247
Thelma Wilson,000071506
Marilyn Ruiz,000293547
Mark Ritchie,000860629
Doris Kirkland,000470641
Gail Yorke,000914614
Lee Powell,000374068
Minnie Grosvenor,000617749
Ashley Thielen,000649140
Fred Hood,000584358
Donald Cruz,000711227
Gary Coren,000281893
Richard Mcgranor,000517780
Sue Butters,000951948
Amanda Streeter,000082648
Robert Hanrahan,000344126
Richard Holmes,000949958
John Peltier,000730017
Mary Titcomb,000958343
Catherine Vining,000012386
David Alloway,000051351
Micheal Reza,000129158
Randall Baxter,000981233
Eugene Melton,000711777
Thomas Bryant,000764588
Amber Honeycutt,000472318
Shannon Hamm,000241557
Robert Burlew,000294187
Josh Woodruff,000421306
Dawn Smiler,000708716
Diane Taylor,000090211
Troy Haddock,000199547
Martin Stone,000181659
Henry Andrade,000926962
Dorothy Jones,000858849
German Joseph,000833040
Kandy Parrigan,000014005
Pia Buttaro,000177106
Thomas Hollifield,000222105
Theresa White,000988081
Mildred Washington,000728981
Cody Conley,000003833
Roger Ogden,000526067
Brenda Estes,000217923
Hazel Holder,000355718
Michael Patterson,000707266
Mary Boyd,000350597
Sheri Tinsley,000913256
Paula Cameron,000384852
Tobias Ibarra,000847426
Franklin Tosten,000045231
Courtney Howard,000029817
Charles Henderson,000298282
