Albert Schlemmer,000623543
Marc Denise,000089452
Jenny Munoz,000785339
Sally Gore,000465361
Michael Mortenson,000035087
Donna Tiner,000477786
Ruben Watkins,000049252
Carrie Wurdeman,000379084
Thomas Hathorn,000792494
George Ford,000663920
Peter Rhyne,000535873
George Dietrich,000360995
William Steese,000487207
Sheena Abbott,000990732
Kristopher Ashley,000025751
James Ramirez,000730239
Robert Daniels,000502855
Jorge Dewey,000982641
Tyler Flint,000344149
Isaias Jaramillo,000021738
Paul Dunaway,000711786
Donna Lynn,000857032
Wilda Mcdavid,000020694
Gloria Pierson,000242873
Frank Roman,000130848
Robert Redfield,000804196
Barbara Beardsley,000639522
Minnie Magruder,000482719
Lee Wells,000303772
Norma Murphy,000740975
Patrick Vogt,000602368
Virgil Marchan,000848405
Elizabeth Scriven,000605339
David Reeves,000712706
Delores Moore,000594267
Anne Fernberg,000130244
David Perino,000272151
Bettie Wolf,000876731
Samuel Brewster,000250037
Eric Mickolick,000200849
Karen Torres,000907938
Ophelia Quinn,000417011
Jacob Scott,000426883
Helen Martinez,000983387
Marx Friscia,000975992
Blossom Medill,000431554
Maria Green,000326637
Vivian Lane,000995522
Mark Svoboda,000144749
Velma Roe,000885721
William Gomez,000231948
Benjamin Rush,000793370
Cecile Powers,000786243
Mildred Owens,000987350
Joshua Fernandes,000504237
Patricia Witham,000795084
Cynthia Lush,000443384
Maryann Nichols,000505410
Leon Johnson,000855971
Jonathon Partin,000315804
Donna Willis,000820363
Rod Hensley,000831112
Dorothea Jones,000487127
Charlotte Romano,000794188
Ian Stevenson,000238791
Thomas Green,000285280
Frederick Medina,000814869
Thomas Whitaker,000756903
Kristi Bright,000292686
Rebecca Stephenson,000041752
Thomas Vines,000973352
Mattie Croshaw,000973009
Steven David,000366885
Harold Mccarthy,000548569
Joseph Jackson,000074300
William Martin,000294524
Rebecca Espinoza,000386897
Kimbra Saunders,000608340
Mary Lloyd,000436515
Mary Eller,000088148
Jennifer Hernande,000843005
Jeff Petrich,000805199
Logan Bell,000840984
David Hardy,000861986
Douglas Riddell,000948972
Harry Lewis,000699433
Bryan Hines,000738980
Patrica Swanner,000123918
Thomas Mariska,000954616
Jenny Javier,000133300
Margaret Blumberg,000980369
Adam Estevez,000889570
Cindy Roberts,000122136
Harold Groves,000731167
Marian Anderson,000626587
Erica Walker,000721019
Karen Anderson,000620410
Freddie Gonzalez,000037279
Mary Stemmer,000320836
Shirley Heidler,000002046
Bryan Tharp,000406583
Helen Barbagallo,000003100
Becky Rogers,000879277
Jason Krueger,000137354
Tamika Cantua,000780933
Bessie Elam,000174271
Sara Rich,000436954
Minnie Lazzara,000628384
Joe Kline,000259922
Diane Boulanger,000398672
Thomas Norgard,000028940
Carol Ford,000024893
Orville Allen,000502741
Louise Rutherford,000235382
Christine Nightingale,000539136
Franklin Minor,000978248
Jan Tidwell,000838127
Magdalen Rossi,000554467
Rebecca Acosta,000965380
Katherine Brush,000261513
Malcolm Waterman,000873375
Mary Huff,000891732
Charles Scott,000010424
Michelle Thomas,000661611
Larry Morales,000318478
Marilyn Allums,000301404
Jason Mills,000662790
Karen Chapman,000421856
James Mick,000743801
Lance Whitcomb,000108966
Opal Sanchez,000824403
Tony Sherry,000287818
Freddie Broberg,000784433
Andrew Olson,000556710
Karen Loureiro,000985579
Cindy Carter,000727770
Kimberly Askins,000130423
Julia Payne,000545749
Sandra Powers,000625652
Kristi Ragland,000018537
Fabian Benson,000946609
Melissa Kono,000295934
Carolyn Escamilla,000157988
Ileana Gomez,000767131
Larry Castillo,000364662
Harlan Mason,000134943
Rene Taylor,000702678
Chris Boyd,000553286
Christopher Shelton,000363130
Terry Zamora,000514717
Dorothy Swartz,000145327
Cynthia Ramos,000394919
Pamela Duffy,000860310
Miguel Roberts,000834989
Walter Mccorry,000784781
Joy Byler,000071343
Amanda Fasano,000622963
Slyvia Seabaugh,000684466
Roger Carlin,000244003
Raymond Lang,000305737
Dennis Mcdonald,000932941
Allison Deleon,000464408
Cecil Lizardi,000920404
Travis Corona,000487075
Ricky Schroyer,000465548
Lydia Hazelhurst,000319868
Edwin Mann,000321001
Virginia Fletcher,000150877
Jessica Harris,000967650
Norma Bibbs,000384982
Ronald Sykes,000575023
Fred Owens,000918786
Taryn Barry,000837641
Velma Hussein,000766577
Janice Parsons,000336663
Arnulfo Todd,000117716
Jessica Cruz,000209466
Jessie Peterson,000145406
Barbara Propst,000813425
Betty Riddell,000293394
Traci Lowery,000395878
Mary Cook,000314285
James Shaw,000116091
Bessie Heath,000418299
Ruth Theisen,000479836
Doris Arment,000505985
Dee Brinkley,000483037
Sandra Griffith,000807261
James Stover,000412495
Marie Halvorson,000507306
Edwin Reitz,000725964
Erik Knox,000639151
Ray Zellars,000223479
Lois Rice,000341401
Darlene Davis,000981954
Daniel Mitchell,000936726
Richard Tapia,000733097
Luisa Osborn,000245908
Anna Fortier,000896433
Odessa Ames,000844419
Grace Pearson,000863433
Juana Peters,000934735
Robert Gilreath,000007871
Juanita Summers,000640901
Carl Carter,000043052
Mildred Smithson,000180114
Lucille Rogers,000557446
Alfred Michelson,000434162
Kristina Chandler,000937494
Jane Cadena,000065528
Sandy Heckel,000357483
John Rigdon,000024704
William Benedict,000456631
Gregg Gilman,000344598
Myron Baron,000542360
Tracy Duchene,000298847
Karen Warren,000144936
Nicholas Meyers,000484529
Charmaine Chen,000372495
Joshua Smith,000269432
Mildred Thon,000211265
David Wilson,000234731
Jacqualine Piedra,000046266
Joanne Guin,000349545
Edward Cook,000872464
Fred Smith,000318334
Richard Floyd,000172055
Robert Fields,000581945
David Douglass,000147737
Amy Maynard,000426033
Evelyn Toban,000105640
Carlos Yocom,000244203
Heidi Devault,000093537
Daniel Hayes,000169198
Ralph Pentecost,000311275
Jessica Keefe,000468242
Glen Hurley,000152975
Lorenza Sowl,000964448
Lenora Freeman,000084204
Helen Hernandez,000142732
Joyce Jackson,000600216
Robert Bergmann,000115490
Martha Collins,000672725
Richard Spaulding,000410222
Lula Benningfield,000716303
Jessie Pearce,000429779
Rachel Staples,000194538
Jean Cannon,000948313
Jean Cook,000409642
Edward Hill,000797968
Michael Lester,000786600
Henry Connelly,000541177
Dominic Bright,000178340
Joseph Green,000501370
Shirley Dadson,000033027
William Dailey,000660856
Debby Hipsher,000646770
Michael Jeffery,000305749
Helen Hutchins,000894241
Evelyn Ryan,000746911
Becky Harrington,000530253
Nicholas Crane,000383265
William Czajkowski,000804962
Joseph Mapp,000735125
Thomas Hamilton,000624235
Gary Greene,000346289
Tashia Washington,000840980
Linda James,000378206
Jo Bradley,000796956
Mark Loera,000753649
Lori Calandra,000109632
Elizabeth Case,000830202
Jacob Townsend,000010139
Joseph Vautour,000925197
Kenneth Grajeda,000000899
Edward Seggerman,000051726
Terra Washington,000147999
Ramona Soto,000942254
Douglas Nygaard,000834174
George Bicknese,000602459
Vanessa Carter,000157510
Edith Dodd,000851995
Susan Catlett,000439408
Patricia Jones,000266502
Jamie Best,000599753
Judy Price,000439175
Diana Mclaren,000256982
Mildred Martinez,000213258
Jack Wedemeyer,000941863
Michael Nissen,000976400
Herbert Barnett,000067108
Oscar Holden,000909454
Marc Equils,000311647
Stephen Douglas,000263749
Christopher Knop,000888258
Bettie Stone,000565857
Dylan Melton,000995409
Robert Gabel,000058464
Rodger Javier,000631186
Barbara Martin,000332580
Clara Kirchner,000030500
Virginia White,000810474
Jimmy Bonelli,000091764
Louis Danker,000069279
Jeanette Swafford,000841361
Veronica Roy,000156438
Ellen Carter,000023265
Ruben Dunne,000603206
Glen Mcdonald,000365430
Patrick Wesley,000735858
Alma Robinson,000769607
Linda Marmol,000961505
Kristen Vossler,000795613
Donnie Romero,000833666
Gloria Braggs,000154845
James Rollin,000373482
Andy Thomas,000184528
Blake Oliva,000178699
Ana Hill,000807066
Larry Swartzentrube,000653578
Robert Han,000390447
Yolonda Owston,000081554
Janine Talbot,000211376
Michelle Tyson,000570177
Joan Bradshaw,000712627
Mary Richardson,000394042
Alphonso Parker,000678899
Gloria Baima,000642768
Brian Coffman,000513342
Joseph Pimental,000735695
Dean Vajgrt,000139908
Mary Mcleod,000793011
Katrina Larsen,000731429
Thomas Charest,000693323
Willie Friedrich,000213779
Kendra Elliott,000662518
Yen Moses,000891217
Dustin Horst,000248678
Frederick Francis,000096918
Gerry Belk,000696228
Margaret Kessler,000221726
Norman Geppert,000346629
Joe Otey,000575730
Seth Brown,000390659
Angela Tiffin,000470714
Mark Herron,000234899
Jim Randolph,000447868
Yun Lindsey,000875789
Pamela Roberts,000043776
Diane Owens,000806399
Michelle Walton,000052829
Elizabeth Waldrep,000391917
Stephen Marguez,000055501
Stephen Secrist,000386156
Barbara Bostwick,000195379
Joseph Yarborough,000795022
Shelly Murphy,000849713
James Marriot,000276267
Jessica Bey,000494765
Marjorie Aranjo,000056289
Juan Harding,000020134
Spencer Warren,000699722
Gonzalo Martin,000412820
Sidney Hall,000804915
Michael Read,000128811
Timothy Trapp,000358800
Jimmy Walton,000937243
Zachary Latham,000294123
Patrick August,000293026
Susan Erickson,000167934
Belle Goodlett,000030164
Kimberly Riordan,000820356
Jennifer Mcswain,000796862
Jerry Valencia,000204018
Tina Ricks,000243191
Elmer Criddle,000989851
Michael Hernandez,000104215
Gerald Flores,000709189
Cindy Carter,000727770
Kevin Lyle,000849226
Morris Jimenez,000398527
Odessa Ayers,000843594
Jerry Peterson,000103520
Charlotte Wax,000046819
Walter Clifton,000202466
Oren Higgins,000755554
Lucy Hartley,000955130
Gilbert Slawson,000663439
Bruce Robinson,000653833
Christopher Samples,000206384
Damon Byers,000391914
Danny Tritt,000130741
Alyssa Wolfe,000974252
Thomas Vaca,000247116
Emma Cyr,000978512
Ada Turner,000097021
Haywood Jovich,000617014
Brenda Young,000905333
Mary Gershon,000848485
Joshua Mason,000545002
Judy Sanderson,000453179
Carissa Williams,000604585
Darleen Landing,000579660
Robert Poeschel,000934729
Edward Lott,000219625
Angelina Earley,000907213
Kimberly Jordan,000714103
Donna Workman,000887733
Adam Coller,000655974
Cheryl Mandeville,000856693
Carlos Gilbert,000107078
Drew Koehler,000237152
William Delaney,000470531
Steven Phillips,000269029
June Mildon,000462201
Angelo Dodson,000590864
Renee Davis,000339379
Gerald Branch,000461058
Dawn Petronella,000736532
Frances Cho,000177735
David Gamboa,000353923
John Martindale,000831883
Pedro Phillips,000071906
Donna Dearing,000022376
Angelia Bourgeois,000375286
Annie Goldsmith,000209658
Lisette Cowan,000133962
Sarah Masom,000249654
Michael Doucette,000954837
Micheal Bishop,000450643
Katie Marin,000592623
Craig Tanner,000171125
Charles Beale,000947000
Stephanie Reeves,000465652
Mary Smith,000560930
Theresa Trevino,000787755
Susannah Deal,000500474
Jason Watkins,000460757
Ronnie Richmond,000838174
Elizabeth Meade,000404700
Stanley England,000447774
Christopher Goebel,000630524
Sharon Hernandez,000205074
William Hug,000871734
Miguel Watson,000339615
Craig Johnson,000650049
Dean Hampton,000962542
Danielle Vega,000357590
Florence Davila,000672352
Dorothy Benoit,000515491
Lloyd Williams,000248084
Clyde Mckay,000859698
Kimberly Hamel,000099891
Jermaine Carr,000072448
Geoffrey Yeager,000721850
Grant Miller,000873966
Clara Quintana,000374008
Rebecca Mccrary,000671803
Rita Juarez,000073506
Jack Blackaby,000273053
Stuart Witman,000365797
Linda Howard,000682968
Scott Roesser,000585289
Lucy Barton,000895625
Joseph Zapata,000992111
Steven Gravley,000623254
William Abernathy,000802539
Carolyn Wilson,000950953
Gayle Vidrio,000293162
William Fairfax,000853435
Magdalene Winer,000702866
Vanessa Braden,000466334
Edna Guerrero,000220378
Robert Oxendine,000979428
Kenny Garafano,000849625
Joseph Gunn,000737633
Richard Lopez,000976367
Margaret Magana,000905137
Jeffrey Botkin,000334985
Kimberly Ivy,000421510
Elizabeth Felipe,000125192
Layne Johnson,000135759
Karen Myers,000188618
Leo Fitzpatrick,000125484
Rosemary Britt,000975575
David Davis,000274971
Staci Brown,000128194
Bobby Ross,000877500
Robert Clardy,000535281
Johanna Arthur,000866707
Brett Rosas,000959953
Quentin Broussard,000735110
Daniel Raygoza,000401289
Mary Alessandroni,000469049
Brett Dalporto,000446575
Linda Longo,000280380
Bertha Yu,000256268
Trinidad Perry,000248409
Mary Houghton,000087416
Ricardo Alvarez,000107098
Gloria Hite,000500579
Thomas Williams,000734605
Clifford Taylor,000984762
Edwin Switzer,000448174
Robert Stokes,000678373
Jeanette Goff,000735636
James Tagliarini,000124509
Victoria Soriano,000494303
Ronald Nieland,000139849
Christopher Dick,000409266
Lesley Verdin,000109013
Robert Flower,000360474
Gary Ping,000489230
Nancy Yates,000353217
Alissa Chiarelli,000390760
Sara Asbury,000555520
Arthur Kaplan,000161186
James Rasmussen,000822221
Steve Wells,000684948
Lillie Peebles,000831942
Alyssa Post,000537769
Karen Jones,000101699
Richard Hickson,000734283
Ora Clements,000107680
Shirley Rhodes,000877172
Alice Schaefer,000406632
Patrick Monroe,000931380
William Terry,000144441
Linda Stephens,000812155
Michael Dan,000696632
Jeanne Sprague,000663594
Antone Locicero,000172414
Mariano Stanhope,000690420
Natalie Harris,000685405
Grace Hutchens,000423261
Brady Baldwin,000263353
Ida Norfleet,000956655
Charlie Keithley,000278113
Virginia Hood,000860304
Freddie White,000092023
Laura Antoine,000826902
Lawrence Gordon,000747085
Daniel Strohschein,000533600
Steven Moore,000060487
Jennifer Klebanow,000710731
Charlene Hall,000800211
Lisa Nation,000675712
Margaret Fowler,000235816
Lucille Jones,000405118
Richard Topping,000282792
Joann Boyd,000714641
Sherrie Hendrix,000089889
Pamala Osborne,000984778
Marie Maynard,000443863
James Vance,000603739
Marc Bosio,000779926
Wayne Robinson,000435926
Doreen Eide,000933087
Martha Pickle,000767443
Gloria Tinson,000251071
Kelly Mccutchen,000099290
Elizabeth Sullivan,000486417
Julie Terry,000886708
Anna White,000006041
Joseph Havir,000867582
Ronnie Kimberlin,000650112
Wanda Emmons,000800689
Robert Hedges,000246147
Maudie Miller,000224196
Jacob Garrett,000639958
Patty Whitesel,000649173
Ricky Franich,000682627
Matthew Gaskins,000515726
Geoffrey Sinclair,000093576
Carolyn Yeager,000544152
Michael Chunn,000391110
Paul Grier,000390889
David Sanders,000818755
Ka Cullens,000725389
Ida Falkowski,000266775
Ty Dorn,000831952
Adele Floyd,000668914
Angela Rainey,000189092
James Potvin,000293716
Jessie Metcalf,000524801
Dana Mosley,000164102
William Bigley,000023262
James English,000428931
Courtney Stouffer,000985956
Samuel Hawthorne,000199324
Eddie Knox,000951834
Ann Cummings,000835797
Jennifer Roe,000142282
Diana Coleman,000423823
Davis Parrish,000777846
Evelyn Malone,000401702
Amber Hoff,000317465
Kyle Mcneil,000446799
Wesley Brown,000793573
John Osborne,000958628
Robert Parsons,000054223
Kristi Freeman,000769337
Keri Jennings,000182543
Stanley Weaver,000617842
Michael Clarkson,000274725
Peter Stagliano,000816868
Julie King,000594723
James Marcum,000590323
Dominque Harris,000486932
Chad Bartlett,000341644
Mary Dunn,000269983
Timothy Barker,000767723
Hester Bienenstock,000777043
Sally Buchanan,000796621
Norma Johnson,000761306
Carmen Alligood,000218370
Leslie Jephson,000714978
Bryan Greve,000973003
Kevin Jones,000808347
Justine Jordan,000567961
Paul Hamm,000762922
Joey Draper,000719567
Margaret Raabe,000855516
Kirk Stanley,000665052
Frances Gaines,000033962
Stephanie Laplant,000352435
Jacqueline Bull,000837843
Javier Harris,000682652
Helen Mcnett,000725714
Aida Fletcher,000351566
Carlos Clay,000697193
John Daggett,000023949
Susan Thomas,000903399
Edward Stewart,000234609
Marjorie Frede,000215276
Albert Glass,000265871
Gina Collins,000398831
Timothy Jackson,000771293
Lisa Jacobs,000170900
Willie Donald,000000980
Pete Garcia,000539245
Jeanette Veasey,000982524
Daniel Pelkey,000196419
Elsie Green,000110050
Charlene Busher,000612010
Cynthia Simpson,000704155
Lillian Pelton,000770140
Letha Daniels,000316853
Peter Barth,000170395
Jason Luna,000067482
Enrique Gadsden,000080603
Carlton Fuentes,000043699
Federico Branum,000680646
Margaret Hayes,000901539
Dennis Hohlstein,000128664
Christina Saucedo,000962955
Gerald Cooper,000612034
Otto Svendsen,000881852
Mozelle Tetreault,000929866
Matthew Stafford,000431708
Rita Housman,000755353
Robert Taylor,000746566
Walter Driever,000238692
John Young,000222246
Joshua Collins,000659427
Eugene Almendarez,000504481
Florence Johnson,000428505
Helen Brown,000101910
Inez Simpson,000349183
Diane Alexander,000531914
Danuta Sanders,000964105
Charla Restivo,000864092
Yvonne Green,000905230
Jessica Houser,000482258
Ana Andrade,000284734
Michael Brading,000009784
Mary Blair,000916680
Tyler Tipps,000580250
Kathleen Mccoy,000534865
Daniel Shelton,000620837
Lydia Ruiz,000157667
Pamela Taylor,000539875
Andrew Davis,000780769
Ryan Rodriquez,000710014
Gary Gentges,000798697
Patricia Soto,000591888
Tammy Gouin,000044729
Loretta Atherton,000303254
Malia Redden,000950758
Herbert Eichorst,000751809
Christopher Welch,000412533
Timothy Griffin,000416294
Anthony Fox,000215756
Anna Surrett,000828781
Tanya Ogami,000305858
Paul Lewis,000114949
Phillip Abeyta,000374098
Florence Brennan,000056525
Steven Boddie,000882562
Terry Hill,000546627
Elaine Poindexter,000507034
Jayne Neubert,000923225
Wallace Getz,000307268
Velia Gray,000223385
Charlotte Peck,000710630
Wade Smith,000187763
Helen Andrews,000749031
Trevor Worley,000213003
Chris Williams,000631970
Jorge Zanders,000657200
Albert Mcmahon,000285143
Terrie Blaney,000521290
Christopher Rankin,000300014
Thelma Higginson,000084469
Marie Washington,000862714
Michael Lambert,000186306
Keith Hodge,000353276
Amanda Morales,000205363
Daniel Daniels,000253003
Casey Deal,000159797
John Perez,000727629
Lois Bellantoni,000678710
Meghan Carpenter,000586373
Michael Jones,000937028
Ray Hodge,000479669
Judson Ohara,000096951
Rick Nelson,000308896
Antonia Bryan,000796909
Bertha Grady,000563904
Armando Taylor,000565381
Gary Bennett,000656056
Vida Gaddy,000053643
Angela Thomson,000079697
Michael Moore,000703013
Barry Gibson,000895600
Dirk Nichols,000196331
Patrick Adams,000838397
Bret Walker,000683847
Raymond Evans,000343784
Marie Raymer,000219305
Tiffany Falcon,000751027
Mary Schrecengost,000195724
Dorothy Howell,000532882
Tammy Oliver,000286093
Jack Faron,000324942
Henrietta Lynch,000257927
Terrell Mata,000659350
Claire Moser,000166436
Daisy Scott,000946514
John Davis,000286719
Brenda Moradel,000078561
Harold Findley,000906999
Michael Colon,000318148
Roslyn Moya,000892380
Felipe Adcock,000056509
Teresa Hang,000592406
Cara Graff,000405487
Jillian Long,000312147
Randy Peach,000978117
Helen Camp,000424782
James Harrison,000859183
Jose Mclaughlin,000148718
Syble Slack,000899899
Stephen Rogers,000022792
Michael Dean,000945313
Richard Mccarville,000561996
Lawrence West,000664076
Joy Heard,000159307
Alberta Minjarez,000198493
Misty Fillmore,000699009
Saul Wininger,000854426
Ann Woodard,000233753
Barbara Borders,000192528
Loretta Williams,000248463
Emily Kelley,000175816
Amy Shepherd,000254246
Terri Barton,000010568
Roland Almand,000164894
Cheryl Wells,000846815
Matthew Smith,000760441
Willard Whitmore,000462977
Stephen Klein,000557663
Carl Caras,000890924
Mitchell Taylor,000184367
Sandra Grant,000903622
Mary Boyd,000805302
Gilbert Pierce,000387610
Elisabeth Skill,000574848
Tamara Roman,000525216
Marie Surbaugh,000028691
Jeff Martin,000544078
Janet Ramos,000260294
Arthur Workman,000102077
Sandra Cuevas,000911162
John Joseph,000895385
Stella Roffe,000732619
David Davis,000487836
David Joseph,000624324
Jerome Hyman,000885078
Emmanuel Houston,000687858
Maxine Girdley,000631939
Scott Marshall,000809808
Jean Brubaker,000139262
Beatrice Lambertson,000725954
Jenna Davis,000211103
Joe Graham,000057832
Maria Connolly,000055904
Marget Mcdaniel,000646448
Jane Byerly,000139533
Martha Richardson,000208293
Tonya Mehta,000764925
Josephine Brough,000264129
Philip Sims,000660441
David Garza,000506847
Violeta Sleiman,000675251
Jeffery Jessop,000242606
Iva Robbins,000789673
Linda Newman,000182352
Leola Benjamin,000075600
Edward Cockerham,000842869
Nisha Yale,000228340
Alesia Jordan,000414155
Digna Carlson,000835828
Kenneth Haynes,000838809
Evelyn Moore,000168104
Elaine Miramontes,000112556
Christopher Harwood,000236469
William Corbitt,000042230
David Dorsey,000904344
George Anderson,000688434
Daniel Huff,000850666
Steven Durham,000952653
Francis Meeler,000615332
Adolph Smith,000063174
Michael Paredez,000458642
Ada Chou,000158361
Vanessa Grizzel,000120637
Sally Johnson,000246112
Robbie Rayner,000379343
Christopher Groce,000272971
Billy Wolfertz,000579701
Victor Morter,000018816
Regina Murphy,000503545
Nikki Scontras,000100416
Adam Lopez,000299109
Frank Roberson,000827257
Brad Cooper,000342259
Teresa Cooper,000655280
Clarence Reither,000363530
Tomas Brosnan,000388110
Richard Gray,000816880
Waylon Dombeck,000049484
Clarence Rhoades,000082508
Ramon Ash,000681651
Susan Thompson,000775793
Jonathan Hartshorn,000096356
Nicholas Mccarty,000177880
William Dibiase,000469572
Nilsa Herbert,000243778
Samuel Stevens,000222771
Robert Cancilla,000940961
Leonard Martinez,000561883
Merle Tyler,000621470
Irene Soden,000922389
Wayne Burkhardt,000041947
Houston Stephens,000687139
David Pratt,000064476
Matthew Capps,000233317
Krista Burnette,000569361
Maryjo Mckay,000230741
Linda Baran,000081893
Gary Dardar,000505301
Frances Morehouse,000682775
Hazel Thomas,000909489
Joseph Surano,000284265
Jason Robinson,000011661
Phyllis Pollman,000187741
Jose Hall,000273766
Tracey Bohnen,000825491
Roger Drummond,000516313
Elijah Terres,000004169
Michael Iezzi,000647778
Kathy Aguilar,000154610
Daniel Mull,000391249
Robert Jackson,000362714
Jennifer Toomey,000265929
Jamie Fergus,000773739
Jason Hosick,000369074
Jerry Handel,000782651
Wes Lavis,000189125
Ernie Siske,000259736
Kathryn Blount,000871093
Cecilia Sellers,000141477
Kami Johnson,000557653
James Banks,000184397
Hazel Schaeffer,000392473
Adam Tenaglia,000259639
Donna Pierce,000612761
Stanley Mccoy,000374842
Christine Johnson,000952518
Margaret Cowger,000625126
Michael Kendra,000431119
Mary Mullins,000020186
Kenneth Towers,000132312
Taylor Mcclendon,000676487
Karen More,000570721
Edie Rosenbloom,000907320
Robert Brunson,000221624
Kathleen Randolph,000644258
Robert Lawton,000134940
Debbie Prosser,000812030
Linda Shortell,000467975
Rodney Beltran,000064419
Gregory Sivertsen,000555379
Luis Couchman,000341965
Erin Ho,000948618
Kevin Bristow,000661688
Richard Schwartz,000092483
Kim Szerszen,000867638
Frank Taggert,000518655
Nancy Pilkington,000706966
Keith Keyes,000217366
Dorothy Howland,000117816
Marie Salazar,000672682
Jennifer Hill,000897214
Christopher Sutton,000851039
Herman Braden,000401300
Chester Mack,000968298
Daisy Ogilvie,000200925
Bill Grimes,000396532
Craig Hageman,000785704
James Leth,000238486
Doria Driggers,000034780
Shanice Wagner,000051158
Theodore Elliott,000032894
Michael Robinson,000960622
Donna Crews,000110176
Clarence Hampton,000041327
Shellie Swanson,000880253
Rafael Green,000606590
David Cobb,000174770
Bonnie Williams,000312393
Frank Madsen,000579627
Gary Postal,000382309
Ana Cook,000817574
Roberta Kielbasa,000844742
Hermine Shinnick,000336288
Brandy Cohen,000269455
Linda Huh,000209995
Michael Mott,000100212
Janie Gonzalez,000321302
Joshua Garcia,000344852
John Willis,000518417
Ruth Kincheloe,000241899
Marguerite Houser,000722061
Tracy Denny,000187938
Domingo Mittendorf,000711801
Owen Maul,000979952
Jenny Sood,000591651
Kira Rogers,000347340
Thelma Witter,000787120
Hugh Snively,000938178
Ronnie Wright,000854585
Mary Pfannenstiel,000701226
Peter Guerrero,000956843
Alfred King,000385753
Pam Daniels,000929049
Thomas Snow,000816843
Anthony Deere,000172239
Ina Bean,000237778
James Mcclellan,000915866
Carol Mrowka,000291507
Marie Carbajal,000650449
Michael Kim,000315231
Truman Godinho,000019557
Diana Hoskin,000848076
Harold Mompoint,000196276
Bryan Davidson,000060965
Maria Mcghee,000846932
William Marter,000710561
Billy Martin,000849090
Norma Green,000425273
Priscilla Drummond,000329650
Barbara Urbaniak,000544343
Josephine Montgomery,000652183
Macie Valerius,000771815
Byron Schneider,000652771
Janet Walter,000461215
Marilyn Ruddock,000258733
Jose Bonawitz,000092187
Lorene Zarrella,000591437
Inge Woodward,000879224
Jack Telep,000649655
Esther Aguiar,000306656
Rebecca Power,000288771
Frederick Otte,000622571
Numbers Hinz,000762704
Caryn Flowers,000544178
Cassie Edwards,000448182
Scott Mitchell,000467217
Holly Dwyer,000951196
Crystal Graham,000941848
Brad Conley,000265981
Carmen Oakes,000506844
Brittany Beach,000835664
Harry Tamayo,000483721
Raymond Kropp,000552712
John Grove,000767025
Melissa Sherman,000093317
Juan Munnis,000261864
Shana Yedinak,000484110
Jeffrey Hoffman,000625627
Chris Kilcrest,000720156
Virginia Lane,000911068
Bob Wingate,000989347
Crystal Williams,000319574
Isaac Martinez,000326214
Rodney Olson,000553795
Kelly Paul,000734865
Maria Searight,000305354
David Dossett,000057250
Martha Gaitor,000048713
Eric Shaffer,000530537
Jason Wilmot,000687350
Jesse Spiers,000036937
Lesley Green,000766778
James Huerta,000055147
James Ruiz,000838941
Sherly Billups,000447070
Daniel Rowe,000409414
Philip Baker,000524731
Betty Steel,000237838
Michelle Wainwright,000708313
Lavenia Johnston,000928976
Larry Betz,000239448
Maria Thompson,000750432
Hugo Clark,000753047
Stephanie Klein,000903142
Janice Woodard,000941711
Charles Miller,000066648
Danny Garcia,000789824
Carla Perez,000261963
Harriett Hall,000386260
Chantel Seamon,000779112
Julie Ware,000703275
Richard Bey,000841035
Frances Thomas,000446430
Elena Lance,000717801
Betty Payne,000013209
Denise Everly,000451622
Mary Boggs,000730075
Wayne Estler,000062866
Louisa Dykstra,000751471
Richard Harris,000485760
Tanesha Tuttle,000359751
Renee Jeffcoat,000951463
Carolyn Sonoski,000097039
Jesusa Bowman,000851910
Thomas Ingram,000025376
Thelma Montgomery,000316705
Jeanne Young,000582297
Donald Aviles,000012800
Deborah Marsha,000389231
Ronnie Garcia,000145814
David Buchanan,000799565
Bryan Withem,000437116
Richard Apolo,000388677
Carole Martin,000533173
Melanie Patten,000375435
Lorenza Hansel,000438859
Tammy Johnson,000070420
Mildred Macdonald,000310646
Brenda Hurley,000205923
Cleotilde Glenn,000758049
Christopher Shaw,000687644
Jesse Fournier,000822331
Michael Hentges,000881517
Shelia Yurko,000426015
Stefany Chatman,000401283
Erma Murray,000337636
Stanley Mitchell,000228546
Darwin Giles,000886188
Frank Hernandez,000968133
Michael Conte,000463915
Jermaine Montana,000462571
Lena Phifer,000052525
Paul Wills,000687768
Angelita Putman,000223348
Rebecca Shoulta,000727029
Amelia Teal,000673684
Brandon Deboard,000541834
Eve Ford,000170868
Lucille Hernandez,000354764
David Paulson,000594234
Edgar Deloney,000961692
Jean Turner,000981025
Stephen Summers,000648357
Tiffany Liaw,000314970
Arthur Vasquez,000780899
Donna Dorazio,000953009
Carole Wheeler,000933996
Kristine Pierre,000057688
Helen Fanney,000619088
Derek Cavin,000806005
Hattie Servin,000393602
Ray Midkiff,000800863
Thelma Valencia,000555593
Charles Oliver,000559848
Andrea Nelson,000728157
Jackie Hornsby,000603939
Sandra Wright,000711734
Cathy Fierro,000112803
Derrick Mulherin,000067792
Pamela Hallman,000426850
Ben Lopez,000832829
Jeremy Voorhees,000576581
Bertha Deleon,000169523
Teresa Nelson,000153753
Jodi Tolbert,000243377
Jasper Longtin,000637172
Carol Schwartz,000803915
Jane Mendez,000553409
Andrea Davis,000922649
Trinidad Franklin,000830935
Danielle Wetzel,000264860
Ernest Pineda,000315580
William Goin,000991207
Scott Schulz,000923128
Roger Bowers,000751417
Lynn Tolentino,000732399
Richard Butler,000944956
Karl Russell,000448606
Joseph Mcconnell,000572521
Louise Gilbreth,000197700
Amanda Dunn,000974008
Michael Moorehead,000524975
Rickey Schmidt,000939699
Carlos Osullivan,000264117
Oleta Jackson,000433127
Stephen Ragland,000597199
Dianna Treadwell,000555657
Judy Pinkert,000258021
Charles Fimbres,000322831
Crystal Madden,000448894
Harry Huffman,000429801
John Mckinney,000551435
Adolph Esmond,000696792
Steven Hubbard,000139921
Pamela Bradley,000358618
John Barr,000302869
James Chastain,000067356
Todd Sosa,000650177
Sandra Blake,000904596
Orville Castillo,000393622
Evangeline Maio,000273330
Anna Paar,000746252
David Summerfield,000660254
Mary Shipley,000970373
Steven Millick,000987947
Melissa Mcilwraith,000306342
Christie Turner,000427060
Jack Demmer,000679707
Ronald Parker,000861620
Caroline Tillery,000297730
James Sullivan,000591145
Antwan Utley,000771786
Edward Hiers,000022653
Tony Wilner,000580508
Gary Gardner,000342728
James Hurd,000178604
Clara Pults,000393769
William Keirnan,000860769
Philip Owens,000608707
Sheena Hornsby,000543486
Jesus Kirkendall,000557830
Carroll Gammill,000214773
Michael Lucas,000836755
Cody Pruett,000834178
David Warren,000550326
Candice Cushman,000220218
Randy Lincoln,000935826
Roselle Ramey,000493222
John Outman,000305936
Juan Golan,000034944
Stephanie Lyons,000489820
Kenneth Roberts,000525056
Jed Ohanesian,000130657
Sean Fraise,000933533
Paul Hughes,000860283
Diana Bethea,000132137
Carol King,000706200
Stephanie Cooper,000648096
Joseph Wilson,000532225
Thomas Beaulieu,000523013
William Wood,000988348
Brian Mccall,000766596
Lisa Walsh,000755215
Jewel Kinder,000581780
Judy Floyd,000051743
Cheryl Clark,000309606
Marissa Vetter,000168835
Donita Malcom,000148453
William Shaffer,000609800
Florence Wojciechowski,000151368
Wilfred Jackson,000837746
Jennifer Weidman,000614351
Deborah Syring,000952303
Clyde Ontiveros,000832468
Doris Magoon,000620815
Tiffany Gray,000557486
Charles Smith,000001074
Clarissa Williams,000155927
David Johns,000371136
Christopher Miltenberger,000200185
Michelle Shuler,000386786
Bobby Reeves,000676888
Krista Henderson,000932443
Helen Murray,000520936
Jocelyn Martin,000745688
Jerry Lewis,000953379
Matthew Mcfarland,000776724
Justin Carlin,000138527
Mark Edwards,000910249
Jordan Houck,000117652
Jeffrey Bueter,000175841
Martin Devlin,000895620
Charles Mason,000009942
Tiffany Larowe,000973258
Dennis Hales,000143893
Rachel Combs,000490943
Max Dilullo,000839425
Oscar Bassett,000687823
Penny Bouchard,000496293
Mary Brown,000798394
Daryl Gonzales,000351147
Michael Johnson,000922374
Brittany Lovett,000334616
Jeremy Smith,000942751
Walter Garner,000456426
Della Hanson,000716037
David Nelson,000450477
Doris Hudson,000655348
Ashley Brundage,000781844
Amy Weller,000624336
Christine Ackley,000440622
Barbara Heard,000737754
Dana Caughlin,000212719
Caroline Comer,000210470
Katherine Holland,000687693
Gertrude Weyers,000799872
Sara Stephens,000811584
Sandra Sharpe,000358355
Norma Scott,000565495
Rosemarie Mceachern,000431381
Rebecca Benton,000167089
John Yaple,000635771
Kristy Thomas,000661050
Marcia Phillips,000588866
Raymond Graham,000347089
Allan Kesselman,000500435
Connie Cummings,000902701
Ernest Paige,000862815
Walter Kaiser,000437236
Leslie Willis,000560240
Eulah Tesmar,000102576
John James,000545813
Valerie Smith,000014458
Federico Hendricks,000831568
Jason Cheeseman,000850998
Daniel Moore,000879959
William Cunningham,000814592
Maria Garneau,000347397
Ellen Smith,000567981
Julia Kuzma,000153413
Ester Scroggins,000307016
Maria Cabe,000342275
Brian Greer,000282016
Mary Williams,000841944
Sean Blais,000858916
Kimberly Askins,000130423
Heather Miranda,000969656
Kathleen Fierro,000114552
Vera Jensen,000789854
Hazel Adams,000438307
Willie Montville,000796780
Jeffrey Holbrook,000605356
Rebecca Smith,000235882
Michael Miesner,000998849
Elaine Tyler,000636896
Willie Edwards,000670916
Thomas Miller,000879292
Frederick Jones,000304299
Juan Han,000702805
Margaret Foster,000744699
Candice Stiner,000826755
Patrick Wilson,000918529
Maria Howell,000441024
Jesse Campbell,000710321
Ruthie Willie,000406800
Dennis Kauble,000758187
Carlo Lairmore,000205830
Donald Paige,000468961
Ruth Wesler,000716451
Connie Ramirez,000039874
Shirley William,000178121
Paula Grear,000290565
Kevin Williams,000984081
Lee Scoville,000092326
Walter Previte,000959428
Rosemary Tarleton,000626599
Bonnie Mccleery,000459102
Denise Hunt,000617767
Willie Rainforth,000923960
Lorraine Perkins,000329898
Aura Drahota,000383613
Delores Monroe,000058644
Julia Hammond,000805151
Jamie Wharton,000962391
Antonio Seaton,000552974
Janis Price,000025497
Fred Hendrickson,000746978
Sally Miller,000302164
Michael Kennedy,000258117
Curtis Mejia,000688428
Dung Green,000905258
Connie Cluff,000741993
Shannon Miller,000587292
William Smith,000398228
Kenneth Bennett,000219682
Todd Fu,000579889
Bridget Geist,000350262
Tiana Barras,000055064
Patricia Engel,000334794
Vivian Vance,000301080
Julia Milligan,000545614
Betty Nelson,000219501
Susan Odum,000794572
Anne Sluss,000059155
Judy Seymour,000437601
Robert Cook,000960328
Edwin Dupre,000687409
Jennifer Vela,000239123
Kristie Holland,000238977
Darlene Waldo,000122191
Steven Bibbs,000803413
Charles Plummer,000844406
Dionna Lee,000801114
Nikki Roberts,000132348
Donald Wojciechowski,000573108
Debora Evans,000524262
Betsy Kasack,000538957
Felicia Burrus,000567193
Randy Branch,000027255
Michael Cain,000614469
James Biggs,000751971
Lyle Nobles,000698564
Donna Daugherty,000608489
Vanna Rozzi,000011309
Deborah Copeland,000725261
Ronald Green,000584674
Manuel Jones,000640670
Mary Harris,000510952
Jesus Clark,000474794
Frances Kenner,000387666
Aaron Palmer,000592256
John Curles,000689147
John Wyatt,000967849
Bernard Cooper,000281309
Julia Mcmullen,000228504
Daniel Mack,000855369
Anita Scott,000427430
Deborah Starch,000176570
Cathleen Curles,000552238
Edward Cavazos,000845700
Janet Toro,000379541
Araceli Laguire,000923683
Kate Oliver,000147109
Barbara Foss,000627711
Shannon Esquibel,000405899
Robert Tellier,000366251
Suzanne Skerrett,000066084
Rebecca Aguilar,000603434
Duane Velez,000067433
Dawn Mosser,000573957
Donald Thompson,000916725
Sheryl Helwig,000745499
Greg Ogden,000696129
Mike Foronda,000836906
Robin Kissler,000493522
Patricia Price,000522169
Martin Roberts,000098199
Bessie Garrett,000352517
Timothy Vogt,000373076
Suzanne Mosley,000484161
Chrystal Pena,000482568
Bessie Todd,000395985
Rosalie Morrison,000739958
Garry Hawkins,000216848
Ramon Neely,000112248
Mary Davis,000070607
Laura Saunders,000268835
Curtis Wright,000951770
Natalie Briggs,000164892
Cornelia Okelly,000854252
Eric Cauley,000583972
Christopher Walker,000308737
Frederick Clark,000478415
Dale Binford,000851319
Jackie Maiava,000803377
Scott Turpin,000420791
Bobby Hicks,000968234
Michael Lemay,000358820
Johnnie Garrett,000215481
Joseph Wang,000806088
Andrew Marie,000396945
Donna Roberts,000440214
Rex Mccain,000760211
Timothy Bell,000045545
William Young,000363648
Donald Pecoraro,000930872
Shawnda Williams,000493520
Joseph Orton,000022776
Cornelia Kearns,000874901
Mark Wright,000306079
Michael Borders,000339991
Luvenia Koch,000433684
Julia Moore,000895745
John Weimer,000653231
Frankie Cantu,000800346
John Beeson,000499690
Todd English,000022322
Roger Fernandez,000852719
April Clark,000527314
George Oliver,000248612
Michael Miller,000439177
Jodi Miller,000453191
Brandie Catlett,000829869
Nancy Klein,000582352
Jason Mcclane,000457249
Michael Mims,000828934
Linda Thomas,000440504
Byron Kauffman,000744461
Thomas Saad,000196238
Casey Hudson,000179946
Beverly Smith,000916180
Kirby Posada,000883871
James Eddy,000784518
Albert Brewer,000482009
Scott Thornton,000313342
Dianna Parker,000586269
Mike Burgess,000438286
Myrtis Tardiff,000575744
David Dupre,000915729
Donovan Johnson,000992132
Luanne Dyer,000533394
David Owens,000648006
Levi Brown,000969748
Amy Phillips,000204972
Johnnie Gomez,000198016
Heather Mather,000719203
Donna Moran,000541205
Elizabeth Latta,000254703
Richard Miller,000653051
Tasha Taggart,000927874
Kenneth Collins,000487605
Thomas Swafford,000199402
Christina Callaway,000231019
James Felt,000026819
Sherri Walton,000141452
Enrique Duke,000071547
Darlene Beard,000560317
Rosalyn Bradshaw,000416425
Edna Savage,000716937
Lloyd Ridgeway,000716073
Gary Willet,000837101
Christopher Dente,000172492
Karen King,000076092
Miguel Przewozman,000763793
Karan Mcfadden,000866526
Rose Crawford,000324741
Patricia Fontes,000987998
Joshua Menges,000436107
Kristina Phelps,000523911
Henry Boykin,000755042
Ellen Veltman,000642703
Ashley Houston,000427509
Bret Ring,000388450
Robert Robinson,000837995
Alecia Kennedy,000185430
David Cothran,000956948
John Johnson,000895938
Elizabeth Masterson,000279718
Arthur Wyrick,000635766
Doris Walker,000472232
Michelle Mcmullen,000395702
Elizabeth Rinks,000115682
Clyde Tate,000946191
Gregory Allamong,000748419
Dorothy Mercer,000375406
Luther Thomas,000222742
Lisa Swaim,000930317
Trisha Miller,000929676
Robert Willis,000354228
Leland Blackmon,000047012
Theodore Harding,000692939
Sara Dayton,000466899
Wally Fortman,000123615
Jose Arrington,000850957
Roger Elder,000231750
James Brink,000753026
Sherry Larkin,000961878
Kristine Hartzog,000010968
Melissa Martinez,000569819
Terry Kyles,000298032
Delbert Richardson,000885906
Teri Sanford,000520369
John Conner,000557549
Jasmine Haddix,000169540
Janice Lewis,000396847
Jonathan Bishop,000388566
Karin Parker,000320309
Erna Schaefer,000924535
Jessie Holland,000927828
Londa Holley,000238473
Lance Pyle,000804630
Rhonda Davidson,000069943
Kyle Alvarado,000880582
Robert Staley,000884771
Kenneth Garcia,000013283
Morris Greer,000377066
Melissa Rodriguez,000241525
Theresa Thompson,000546851
Olive Allen,000925157
Paul Brown,000857588
Ira Bustamante,000768091
Annette Monk,000858918
Brian Holmes,000616341
Patrick Franco,000092846
Brenda Walker,000253671
Andrea Gervais,000560009
Ann Kawamura,000834957
Brittany Bovee,000563931
Kristina Rosa,000969566
Adrian Lafferty,000811667
Colleen Szala,000404548
Lisa Moore,000247699
Amelia Fleming,000673043
Luther Salazar,000237754
Debra Sliger,000129547
Florence Comstock,000064970
Annette Montville,000253455
Lorene Campbell,000651826
Jason Cumberledge,000044584
Jennifer Ludeker,000564668
Yvonne Robley,000210323
Carol Klein,000364002
Gerald Wagoner,000440734
Barbara Sanchez,000059086
Anna Acevedo,000216022
Aaron Moralez,000666514
Christina Muir,000878264
Curtis Bright,000933591
Donnell Vasser,000163897
Marie Wageman,000619001
Brandy Horky,000277613
Allan Baker,000629477
Linnie Rechtzigel,000185285
Paul Lefort,000808021
Margaret Whit,000698410
Pauline Guerrero,000990598
Clara Prince,000226650
Herman Tuenge,000054874
John Barton,000826951
Refugio Johnson,000224229
Carlos Payne,000699747
David Banks,000362704
Ted Wilbourne,000904239
Cynthia Widner,000841930
Barbara Parker,000773231
Charles Smith,000240692
Angel Moore,000393833
Vincent Bullard,000427590
Kim Smith,000377305
James Thompson,000911146
Kathleen Souther,000125731
Linda Schofield,000235654
Jane Toler,000546834
Michelle Mclaughlin,000749090
Sharon Lewter,000156327
Jennifer Weldon,000790201
James Pham,000542504
Marilyn Vandehey,000357083
Tayna Maddux,000977945
Richard Henderson,000056038
Ginger Heaps,000770306
Peter Landgraf,000091858
Brenda Heine,000540623
Alex Baker,000354648
Toshiko Blake,000374155
Lola Prather,000997961
Elizabeth Diaz,000977671
Brian Stewart,000846965
Erica Fishburn,000442475
James Dean,000634765
Amelia Harner,000142773
Edwin Ellis,000528762
Michael Scott,000847869
Heather Koral,000007569
Patrick Gomez,000096995
Shandi Urman,000171506
Eddie Smallwood,000941222
William Boyle,000870144
John Kerns,000153713
Anthony Lewis,000869755
Timothy Karle,000214675
Robert Schaefer,000857326
Eunice Ford,000467885
Donna Schnackenberg,000497907
Lois Devers,000212380
Mary Larochelle,000347935
Leslie Jordan,000082512
Charles Yin,000738166
Dolores Fountain,000673600
Esther Price,000065369
Clarence Salter,000903424
Malisa Murphy,000941891
Jane Snavely,000647331
Janet Hundley,000273240
Isabelle Cammack,000663379
Ann Roche,000002752
Leo Springer,000185532
Steven Anderson,000321867
Elma Cook,000246798
Michele Mckee,000781338
Bradley Pruett,000771431
Angela Berube,000768657
Roberta Walker,000446513
Lorie Mansfield,000067062
Lacy Rowden,000978790
Tracy Close,000852310
Carol Wilkins,000588054
Mary Bixby,000477009
Roni Rivas,000713781
Leo Vogt,000277059
Noe Williams,000850493
James Perrine,000802984
Ollie Mccubbin,000988798
Teresa Flores,000324289
David Licudine,000806657
Ralph Deare,000845038
James Ewald,000695383
Sally Baker,000611599
Scott Fox,000944510
Cassandra Faughnan,000411076
Bret Gomez,000934209
Clyde Crawford,000099311
Mildred Alfonso,000612538
Cheri Amelung,000015438
Wayne Lemmon,000305117
Tamara Kellems,000814296
Candyce Aybar,000211495
Violeta Hensley,000752804
Michelle Seaton,000333800
Luis Dyar,000615524
Ryan Brockington,000573879
Michael Kline,000798610
Jenifer Ramos,000134153
James Dumesnil,000563290
Jeremy Homan,000389127
Julie Miller,000860289
Christopher Wilson,000896425
Beverly Couto,000932147
Gene Miller,000319732
Michael James,000350440
Betty Habib,000272714
Gary Dagostino,000719674
Victor Lee,000442793
Karry Humphrey,000141939
Beverly Heck,000450107
Linda Shipman,000488962
Laura Young,000422721
Helen Tiffany,000348501
Michael Morris,000950590
Alexis Hunt,000101364
David Tobler,000135699
Jason Bridges,000746376
Earl Killian,000888179
Herbert Stieger,000108481
Beverly Westerman,000512981
Norma Poulin,000388194
Benito Gambone,000724059
Edna Jenkins,000863762
Janet Turner,000557356
Helen Jones,000153308
Arthur Jackson,000224553
Paul Edwards,000286839
Melissa Wilborn,000779816
Francis Jaji,000001030
Susan Clingerman,000711732
Brandi Diehl,000333141
Jessica Evans,000320369
Latoya Wolford,000357289
Melissa Martens,000575561
Carrie Beauchamp,000207264
John Alexander,000045492
David Middleton,000788440
Brad Schrunk,000571128
Mathew Hernandez,000328098
Amie Bush,000535696
Susan Zeiler,000417155
Eric Green,000500945
Nina Rodgers,000732819
Elizabeth Gionet,000914045
Guadalupe Collins,000455933
Craig Baker,000989184
Angela Labarre,000411493
Joseph Mendez,000528801
John Ripson,000008255
Charlie Urban,000383906
Bradley Holt,000548441
William Porter,000756027
Terry Gregory,000344805
Lucinda Jones,000814220
Ada Green,000769558
Eddie Barnfield,000767374
Maria George,000214562
Sara Lucas,000232936
Andrew Hobart,000027934
James Ponder,000511219
Eric Henson,000349560
Molly Trevino,000858500
Dennis Kendrick,000450280
Barbara Talbott,000740913
Madeline Green,000263102
Ernesto Ake,000861665
Lois Lewis,000048198
William Jones,000375834
Jeffrey Overlock,000474077
Samuel Greenfield,000080676
Daniel Prendergast,000286136
Desmond Cahee,000811064
Stephen Cullinane,000581960
Ronald Simmons,000038088
Jonathan Arnone,000435302
Dana Williams,000346910
Alex Anthony,000029092
Connie Kuns,000034043
Glenna Kochevar,000015615
Gina Bolen,000018195
Luther Kerney,000073523
Glenda Silvis,000904003
Arthur Valverde,000987529
Mary Landis,000631403
Salvador Laubhan,000156815
Michael Charley,000663101
Elmer Roman,000504399
Rodney Liston,000226241
Beth Picot,000252179
Gabriel Breen,000954176
Jean Vargas,000589721
Charles Lederman,000591805
Andre Malinowski,000461478
Meredith Myers,000903380
Kirk Hui,000895167
Paul Wallace,000020577
Gregory Hovey,000399773
Curtis Sears,000412887
Richard Smith,000142525
Robert Mcdaniel,000466569
Penney Crawford,000092728
Annie Hill,000892246
Peter Brett,000370101
Mark Noyer,000570997
Laura Mcnamara,000111822
Glenda Plummer,000174890
Calvin Smith,000233210
Jennifer Evans,000764991
Reginald Mccowin,000712970
Gloria Barrett,000636045
Charles Miller,000089703
Keith Zimmermann,000696712
Donald Menotti,000949169
Ryan Erwin,000010353
Myrtle Cosgrove,000927111
Noah Meyer,000183451
Michaela Vroman,000972058
James Athans,000852691
John Kendall,000847014
Vicki Lopeman,000738594
Erin Estes,000294994
Charles Dickens,000603845
Charles Arnold,000279170
Edith Alvarez,000787440
Lorena Clark,000225598
David Mcgregor,000487069
Gerald Wilson,000550484
Susan Cooper,000698748
Benjamin Porras,000154966
Stephanie Palomares,000484823
Robert Beier,000018337
Christine Knudson,000687744
Juanita Brady,000556868
Scott Isaacs,000963975
Erika Benson,000810875
Mary Robinson,000320157
Clara Parsons,000648554
Lilian Chen,000914383
Clarence Hester,000620145
Ana Lotton,000100531
Ruth Thompson,000264141
Laura Kehoe,000106585
Adrian Somers,000390806
Lolita Miser,000213118
Michelle Lawless,000189842
Dianne White,000920424
Gladys Brooksher,000616733
James Stephens,000255686
Steven Burkey,000851422
Lisa Yankey,000476682
Annie Meehan,000260743
Jessica Munson,000276491
Leigh Telfer,000025349
Kourtney Lyons,000791308
Timothy Aguirre,000657136
John Kinkade,000831308
Laura Collins,000823159
Glenn Foster,000594007
Olivia Strunk,000481111
Robert Monroe,000159585
Kathy Vojna,000223124
Michael Warriner,000992483
John Sanders,000773387
Gary Kearney,000673828
Rose Sayers,000432961
Amanda Laude,000222722
Timothy Scruggs,000482639
Helen Simmons,000840586
Marshall Uutela,000430272
Rosemary Floyd,000275579
Bernard Morse,000023425
Eric White,000605802
Gary Felts,000537814
Samantha Albright,000448279
Gladys Smith,000956713
Elizabeth Workman,000725458
Ethel Rodriguez,000690944
Karen Bickford,000325052
Christine King,000730705
Dennis Hales,000143893
Bonnie Coverdale,000071899
Stanley Mcdonnell,000386987
David Gascho,000825017
Michael Gallo,000963403
Erik Plotz,000049985
Denise Wright,000745508
David Okins,000674024
Cedric Reichert,000439996
Tiffany Leach,000503860
Jeanette Williams,000577028
Anne Sawyer,000914327
Mark Stooks,000847125
Bruce Coffland,000832368
Debra Garza,000988695
Steve Phan,000260238
Eric Hark,000907488
Alpha Davis,000954432
John Mullins,000610119
Brian Morales,000327550
Cara Isom,000690978
Joyce Wren,000366880
Paul Eaker,000729611
Vanessa Burke,000015852
Wilma Cook,000318687
Bobby Pacheco,000731683
Dale Holmes,000584988
Billy Lawrence,000748196
Jason Hudgins,000253644
Tyrone Oneal,000421028
Winifred Sparks,000603218
Richard Ellithorpe,000277578
James Daw,000208110
Marjorie Walters,000401637
Candace Schlipp,000738514
Carl Mele,000197754
Viola Holsinger,000145383
Wayne Tarter,000929852
Amie Simpson,000180264
Roy Hanna,000872032
Tammy Albaugh,000395946
Caroline Reed,000337387
Anthony Allison,000617501
Joshua Do,000452786
Herman Eastland,000188739
Michelle Brown,000856324
Joseph Hammond,000747207
Willie Perez,000178205
Lawrence Hill,000755219
Mark Benson,000205319
Dee Higgins,000580584
Cassie Richardson,000748795
Joann Gay,000892042
James Gallardo,000180828
Kelly Anderson,000578533
Julia Copenhaver,000906850
Debra Saunders,000199234
Eva Bailey,000486321
Bertha Taylor,000051993
Kacey Adames,000949781
Herman Hansen,000091652
Elva Deremer,000288043
Keith Bryant,000088731
John Choi,000980749
Michael Hooper,000676633
Joseph Carbaugh,000282854
Katherine Zohn,000620007
Kevin Battson,000197400
Angela Zack,000109019
Floyd Wright,000474747
Michael Ferguson,000433657
Shirley Wasmer,000979881
Steve Belle,000651631
Dana Brogdon,000710217
April Ledford,000761515
Mary Dragon,000489779
Thelma Soltis,000431029
Hazel Simmons,000034643
Sterling Randall,000211202
Hubert Posson,000691622
Curtis Brucato,000168143
Robert King,000785870
Robert Donaldson,000926165
Sandra Lee,000629438
Cecil Langford,000860252
Robert Metzler,000563517
Nathan Zajc,000415982
Mitchell Hicks,000565812
Loretta Musetti,000355239
Janice Avellino,000096070
Stacy Jones,000381356
Cindy Whitfield,000118009
Michael Marin,000895282
Janie Armendariz,000397961
Doris Swafford,000148395
Christopher Mattison,000809959
Mary Derego,000764559
Santiago Pridemore,000684326
Edith Lafrance,000295950
Ronald Miller,000764447
Mary Lorman,000681619
Raymond Padron,000647506
Nicole Cruz,000012722
Bertha Nash,000585646
Wendy Grande,000726825
Jack Mccarthy,000984309
Edna Dias,000947683
Sam Mcclung,000738325
Daniel Rondeau,000045191
Robert Bush,000592829
Felipe Garcia,000946612
Raymond Stribley,000811793
Randall Gannon,000675028
Stephen Hester,000035191
John James,000927165
William Flippen,000563880
Joseph James,000685587
Kathy Parker,000024184
Daniel Pickett,000331700
Delia Smith,000079731
Phillip Wilkins,000201251
Tim Stemm,000355143
George Koehler,000512563
Shirley Jones,000532784
Ilene Dashner,000756266
Bertha Waldorf,000436264
William Mccall,000653945
Shawn Madrid,000085060
Faith Cruz,000472380
Jessica Sonoda,000440554
Jesse Phillips,000368025
Paula Buck,000073210
Antonio Garrison,000870727
Andrea Ward,000810872
Jessica Evans,000896701
Deborah Elliot,000159255
Dave Payne,000826831
Leon Johnson,000493385
Helena Wright,000123380
Lana Torres,000733407
Shawn Radloff,000127159
Odessa Olson,000748534
Thomas Hemp,000389550
Robin Lagrone,000142919
Michael Sturgill,000990959
Anne Thompson,000112265
Ron Moore,000215749
Shamika Bencomo,000768096
Terry Barnhart,000085267
Alexander Jacques,000876445
Natalie Sansburn,000010696
Josephine Demello,000943651
Henry Patten,000777887
Edward Underwood,000471744
Diane Lai,000850408
Matthew Morin,000055722
Martha Young,000864173
Donald Crenshaw,000732046
Robert Bumgarner,000351861
John Hogan,000683941
Kevin Moore,000048413
Lorraine Termini,000426459
Dorthy Curci,000678387
Andres Mccoy,000420051
Donna Mclaughlin,000859718
Lilia Patton,000921614
James Mccoy,000094159
Mary Medrano,000468513
Nelida Kaur,000383596
Vance Welch,000262670
Debra Simpson,000180457
Paul Lee,000917531
Frank Newman,000392573
Delores Rodriguez,000660467
Daniel Dicarlo,000778864
Justin Hall,000816048
Bruce Smolen,000829710
Margaret Gonzalez,000987932
Nicole Mills,000663737
Rosario Silva,000778963
Ivan Lutz,000947697
Patricia Turbyfill,000683898
Joseph Thornton,000607016
Brenda Sherwood,000732033
James Nenno,000882841
Shelly Johnson,000967116
Ernesto Machado,000097083
Elsie Healy,000496774
Ada Carlos,000010235
Robert Askew,000722674
Theresa Gallardo,000061765
Sharon Morgan,000498106
Arturo Smith,000559041
Lori Watts,000535831
Lucia Benitez,000478926
Jacquelyn Powell,000509232
Robert Horton,000316565
Ernie Malek,000163891
Sybil Souliere,000072457
Kerri Purdy,000403715
Brian Rios,000240501
Bryant Ares,000438187
Mignon Ranck,000081929
Ray Jackson,000796810
Theresa Kassing,000283069
Nancy Mora,000593750
Donald Mercado,000706028
Kourtney Hale,000691267
Daniel Simpson,000870525
Tera Denny,000065188
Christine Martin,000803836
Shelley Boswell,000331702
Estella Murphy,000749838
Daniel Henry,000893869
Robert Vigue,000878333
Kenneth Walters,000417038
Betsy Casad,000938731
David Hegmann,000371768
Vicky Smudrick,000615533
Maureen Brown,000532112
Rafael Samson,000435565
Patricia Bisono,000646396
Margaret Kahn,000748933
Paulette Carls,000590977
Rene Hall,000195181
Mary Powell,000032846
Sarah Hoener,000826249
Edwin Hurt,000712758
Charles Williams,000582159
Anthony Coakley,000834916
David Stemper,000332419
Irene Sharpe,000697661
Reginald Landreneau,000290648
Gussie Kenimer,000866188
Virgie Hardin,000138562
Calvin Barnhart,000867385
Nancy Jones,000278187
Carol Moss,000152247
Tiffany Benton,000952716
Hilda Campbell,000811808
Joseph Porter,000326975
Jamie Lee,000299387
Dennis Martin,000877486
Antonio Person,000263870
Beatrice Ragsdale,000811706
Dennise Jackson,000521491
Noemi Sokolsky,000292725
Steven Finn,000329777
Roy Dickey,000465813
Christopher Mccurdy,000764278
David Payne,000137035
Samuel Stone,000115513
Robert Yarborough,000545067
Trevor Shuffler,000142199
William Price,000903785
Kimberly Fields,000383300
Gerald Medellin,000359559
Peter Jackson,000162947
Ruby Armstrong,000715381
Homer Wall,000965663
Tiffany Cunningham,000462464
Lisa Lalk,000095079
Sue Sharp,000629247
Markus Roth,000600279
Fay Porter,000643670
Twila Alleyne,000167628
Joyce Trudeau,000050519
Gina Sanchez,000118491
Amy Young,000679024
Stephen Kelley,000682634
James Badgett,000755987
Thomas Workman,000180761
Christina Medina,000462699
John Williams,000045780
Johnny Tapia,000300279
Linda Archer,000648678
Ronald Cain,000790105
Diane Adams,000195827
Jeremy Smith,000172480
John Pannenbacker,000388613
Allan Campbell,000042950
Denise Holdsworth,000100856
William Bollinger,000532391
Judith West,000700971
Robert Ward,000451921
Loretta Givens,000411600
Brian Caldwell,000893887
Sherri Tosten,000510874
Brandy Wilson,000104948
Ulysses Kaminski,000102244
Daniel Richardson,000296924
Curtis Schon,000294174
Patrick Furr,000267374
Kaylene Anderson,000885186
Leah Hermans,000007879
Cindy Horrell,000995871
Elizabeth Seeman,000376548
Elizabeth Schafer,000484427
Kimberly Ortiz,000774965
Franklin Stevens,000653636
Dennis Weston,000463571
Megan Peaslee,000985103
Gary Cantrell,000706033
Barry Scinto,000256834
Kathy Benoit,000713310
Sheila Chai,000637354
Danilo Hailey,000266249
Phyllis Behne,000130264
Lina Primavera,000720945
Tawnya Wilson,000485923
Bryan Fazio,000910624
Robert Wood,000462586
Alma Connor,000078380
Herbert Butler,000088754
Cynthia Winders,000665394
Andrew Florio,000709449
Luisa Rodrigue,000324426
Juan Haynes,000207849
Robert Peterson,000275850
Jeffrey Armagost,000314340
Oliver Mcgee,000879852
Dewayne Gladney,000771476
Arthur Garrett,000279327
John Murray,000038117
Darren Meadors,000795099
Carol Gonzales,000589222
Alex Lybert,000429124
Vicki Evans,000476674
Marion Schaefer,000429180
Julio Benda,000898214
Walton Decinti,000575286
Walter Peterson,000160486
William Penrod,000300198
Willie Lopez,000637451
Michelle Franklin,000117775
Charles Minter,000543945
Lloyd Bowen,000380911
Mary Martin,000847179
Grace Lane,000811833
Janice Gingras,000617494
Bill Strunk,000266765
Mohammed Green,000057819
Eunice Thomas,000836223
Dorothy Mobley,000874045
Amy Ellis,000363289
Misty Sorel,000569156
Lisa Jury,000312276
Michael Peter,000286181
Melinda Jackson,000276974
Oscar Erb,000322773
Margaret Caroll,000061512
Velma Lalonde,000444144
Christopher Lopez,000468875
Ehtel Davis,000835481
Jeremy Horne,000831728
Sara Johnson,000059121
Lewis Howard,000781222
Kenneth Epson,000064270
Garland Calhoun,000456164
Matt Casanova,000568223
Kyle Hickok,000875021
Brenda Thomas,000342345
Karen Freeman,000742848
Barbara Walker,000729083
Pamela Blanton,000446470
James Colon,000775258
Nicole Escobedo,000359885
Francis Almy,000048647
Oliver Williams,000367498
Ricky Smith,000658767
Jerald Lamm,000467576
Louise Smith,000392636
Tina Starr,000488716
Jeff Martin,000656362
Carmen Kennedy,000427602
Shaun Knoy,000371430
Thomas Craig,000861030
Barbara Wise,000207723
Maxine Reyes,000294385
Meghan Newton,000294672
Erik Murray,000939274
John Whited,000587875
Sally Mallow,000478651
Latasha Tunis,000578010
Alicia Cantrell,000034990
Jack Walker,000524393
Katherine Dexter,000162521
Joseph Lozoya,000279695
Sandra Phillips,000881763
Gladys Cormier,000402385
Barbara Shaver,000920747
Jack Cheng,000264881
John Powers,000655919
Joyce Hazel,000252372
Willie Clark,000809092
Charles Rivera,000701211
Nicole Mcmullin,000810777
James Palmer,000647362
Kathy Baker,000452377
Sharon Frederick,000481869
Minnie Finch,000110333
Amanda Logan,000804175
Darren Anderson,000394877
Mark Nix,000054844
Maria Livingston,000680205
Francis Degenfelder,000683116
Charles Greenberg,000339383
Glen Bettencourt,000838852
Ellen White,000060165
Ralph Treider,000800508
Elfreda Roussel,000122336
David Quintana,000933997
Jack Souza,000295687
Gerald Dupuis,000016591
Frances Fontenot,000323892
Jennifer Adkins,000404868
Brittany Coon,000605545
Bonnie Curry,000988751
Bertha Brown,000742226
Pearl Bess,000798405
James Thomas,000719823
Maurice Tyler,000890377
Brett Correira,000538197
Vicki Robinson,000556321
Sandra Roe,000962132
Theresa Bostick,000029587
Israel Fults,000318225
Tracey Thompson,000506118
Paul Mills,000502051
William Boulerice,000781135
Leslie Thalls,000739725
Cristal Nunez,000032522
Matthew James,000573977
Herbert Alexander,000861207
Catherine Nesmith,000788076
Lulu Hawkins,000343000
Louis Peterson,000414317
Pamela Enge,000840968
Brain Armstead,000726598
Darlene Moody,000446048
Mary Heyward,000684729
Marissa Jarrett,000202251
Gay Stephen,000828973
Chandra Haynes,000181307
Charles Rorie,000162293
Rebeca Brooks,000531110
Elizabeth Phares,000963020
Richard Hanks,000696036
Carl Wheat,000957507
Jack Stephenson,000009695
Ronald Adams,000730669
Elizabeth Aragon,000435063
Jessie Click,000627597
Byron Spurlock,000486290
Barbara Matheson,000718045
Robert Klink,000203708
Richard Fullwood,000620716
Joseph Stoltz,000695699
Stephanie Jones,000825283
Colleen Cross,000935786
Richard Bullock,000679620
James Maxwell,000871363
Christina Vierra,000895882
Rebecca Putney,000722545
Randy Pettway,000481093
Jermaine Burton,000410544
Steven Reyes,000853496
Summer Williams,000140244
Bobby Johnson,000311698
Ester Rothfuss,000397917
Stephen Negbenebor,000816978
Kathryn Andersen,000125299
Sonja Nicholson,000691747
Dustin Albert,000347609
Clinton Gonzalis,000096183
Dionna Hernandez,000215507
Joshua Nordstrom,000556839
Caryn Cothran,000504766
Richard Matier,000665366
William West,000719260
Faye Masters,000140852
William Tucker,000005459
Christopher Saldana,000032958
Mary Cranford,000931753
Sandra Muse,000701107
Martha Vaccaro,000513182
Mary West,000510024
Kimberly Crosby,000694086
Michael Johnson,000565406
Jean Wingfield,000725608
Sean Mcmahon,000095220
Charles Branham,000996698
Willy Hatch,000626131
Charles Thomas,000706412
Louise Delatorre,000008231
Colleen Taylor,000324486
Pilar Turben,000695761
Gloria Baker,000262195
Beverlee Kelly,000708913
Stephen Hughes,000513098
Debbi Brown,000903831
Wilfred Smith,000235100
Sharon Cardwell,000310784
Katie Robles,000402531
Rodney Kimble,000850438
Willie Freeman,000491362
Tasha Wood,000557966
Theresa Fox,000394109
Ernie Longie,000805062
Suzanne Searcy,000734105
Paul Pearce,000089615
Roland Hunt,000743955
Anita Oconnell,000926245
Kayla Heasley,000488560
Robin Greene,000365724
Michael Purcell,000430762
Charlie Wilson,000382457
Shawn Brooks,000625960
Maryann Frisbie,000650415
Tonya Glover,000892583
Herman Whalen,000906249
William Delarosa,000289054
Trisha Marquardt,000037693
Jacqueline Mack,000940377
Jarrod Rosario,000233472
Robert Dodgen,000013651
Kara Harrison,000397362
Eugene Washington,000793315
Janie Allums,000895948
Joshua Olague,000869585
Mark Rumpf,000082908
Alice Lennon,000523189
Clayton Harrison,000758852
Leslie Barron,000192401
Mark Bell,000162597
Chris Costa,000139588
Allene Sands,000015024
Orpha Bilbao,000314523
Oscar Rogers,000928350
Shantel Muto,000603488
Rudy Clewell,000564837
Bernardo Mckee,000363203
Sandra Reigstad,000938966
Julie Colon,000299069
Lucy Boyles,000546439
Leonardo Tetreault,000397698
Billie Cox,000610810
Anthony Smith,000303588
Kenneth Walters,000880397
Carol Ashley,000455642
Marjorie Lopez,000599042
Rosalee Gray,000689085
Irene Matelski,000194988
Kenneth Holland,000394448
Carol Kimball,000174196
Dorothy Koeppen,000903533
Alyssa Longe,000561584
Joan Moss,000377750
Erica Hall,000402407
Steven Skeels,000398453
Michael Palacios,000062033
Mary Sims,000554638
Harold Moore,000104093
Richard Nolan,000581803
Roy Terry,000264568
Brian Moyers,000490195
John Demaray,000124867
Brenda Johnston,000536182
Kenneth Guinn,000925711
Quinton Mcintyre,000870135
Linda Bachrach,000170145
Debra Crouch,000345173
Brian Dell,000481955
Carl Laudat,000787188
Carolyn Witt,000444834
Michael Ryan,000386171
Cecilia Alaniz,000088604
Clifton Leich,000798735
Michael Smith,000078660
Janice Crouse,000904013
German Moore,000779357
Steven Eguia,000819514
Ellsworth Brady,000951536
John Galloway,000393613
William Desmond,000113054
Jesse Mendoza,000667296
Paul Bennett,000003329
Ella Underwood,000461988
Helen Casiano,000392579
Bob Dinkens,000237121
Allan Haveman,000981464
Edna Dewitt,000133372
Angelica Dudley,000353975
Anthony Campbell,000942622
Richard White,000225666
Kevin Garner,000653516
Raymond Westgate,000508352
Jon Rivera,000618138
George Beeler,000592524
Veronica Flory,000735022
Doris Ray,000409750
Andre Hand,000331235
Robert Walker,000934343
Edna Carter,000934206
Betty Crutchfield,000676654
Marlene Youngblood,000022487
Justin Munoz,000278196
Hazel Bell,000849308
Keith Mcguire,000977138
Brandon Smith,000208859
Isabell Frieden,000703364
Harold Lopez,000384410
Lorraine Davis,000019965
Alice Lewis,000894704
Jack Niemeyer,000634248
Johnny Davis,000895432
Charity Baron,000661376
Aileen Zeff,000969617
Bryan Benton,000015738
Barbara Cullen,000758815
Bobby Durtsche,000341198
David Love,000094090
Derick Beard,000702876
Kathleen Campbell,000678502
Katherine Griffith,000828076
Don Reed,000105336
Daria Oneill,000055513
Maryann Caballero,000812588
Johnathan Kelly,000180325
Robin Smith,000236496
Roberto Shull,000069987
Brian Toan,000872466
Georgette Speer,000515219
Deborah Ladner,000609675
Jennifer Baade,000110279
Grace Altom,000403448
Anthony Hamler,000638819
Kim Jean,000875877
Mark Cipolla,000318175
Daniel Martin,000653811
Richard Pixler,000430130
Nicole Bernard,000592107
Rafael Slate,000220627
James Mccurdy,000111048
Gloria Felt,000309203
Jeffrey Camacho,000775413
Rachel Jenney,000667255
Lawrence Mace,000148942
Helen Mcclurkin,000462323
Gerardo Harrelson,000992964
Leslie Vranicar,000170808
Ernest Angle,000001667
Timothy Clemens,000742109
Christopher Farrar,000755860
Peter Aguilar,000886814
Charlotte Nam,000666165
Whitney Zweifel,000097082
Joann Mulch,000143646
Mary Sharpe,000089550
Steven Champney,000355943
Alex Gorsky,000143181
Lois Mcgraw,000066527
Judith Hollins,000278336
Bianca Burton,000621233
Daniel Petrick,000692059
George Pineiro,000960186
Matthew Pope,000132398
John Snead,000080090
Marvin Mcleod,000408690
William Colson,000304919
Robert Tennies,000635168
Alyssa Brown,000268946
Kathy Paquette,000006473
William Dale,000269408
Christina Amato,000107120
Amy Foster,000109579
Fay Kemp,000098073
Christina Navor,000007875
Nathan Holmes,000867885
Carla Cline,000158253
Richard Cobb,000691524
Christine Hashimoto,000962770
Kelly Moore,000346505
Robert Moss,000468153
Iliana Cardenas,000705857
Andrew Karcher,000143471
Paul Scholl,000484051
James Champ,000897729
Robert Stevens,000999742
Clara Vallien,000749716
Eric Spicer,000669133
Leanne Frederick,000485456
Charles Killion,000706180
Hyacinth Youree,000412071
Barry Cropper,000610752
Mathew Kang,000000603
Ivette Stegmann,000680919
Sharon Yundt,000582718
Amie Ray,000193296
Samuel Velasco,000512119
Darcie Arnold,000167568
Ronald Casson,000800204
Nancy Hornak,000182232
Sandra Apo,000935558
Nelly Higgins,000357267
Leon Thompson,000421504
Gwendolyn Morrissey,000949873
Phylis Perez,000830934
Mary Cefalu,000592979
Darline Gonzales,000370413
Barry Mclean,000128455
Michael Wray,000282687
Clarence Stone,000263000
James Bemrose,000118311
Dominick Catalan,000012940
Brandy Chavez,000030425
Carol Panzarino,000554004
Karen Daly,000364655
Pamela Desmond,000610780
Joseph Herndon,000470708
Christopher Puckett,000444806
Gladys Wilson,000062640
Jean Haberman,000784431
Kenneth Jackson,000427507
Horace Selders,000143177
Ralph Tao,000881900
Jeanne Streeter,000387183
Michael Houghtelling,000921896
Elizabeth Peterson,000410481
Kathy Schneider,000459132
Carol Bolen,000708183
Sharon Mata,000168247
Heather Tichenor,000870116
Richard Larsen,000019229
Michelle Ortega,000280465
Rosa Ward,000211466
Aaron Moriarty,000971703
Beverly Sharp,000672204
Jorge Nicholson,000654735
Keith White,000407509
Christopher Babers,000783192
Dana Bullock,000873357
Gus Koehler,000991409
Daniel White,000682493
Alexander Scannell,000963482
Gary Bigler,000998284
Michelle Pontes,000746686
Robert Robinson,000815954
Darlene Hardy,000879383
Linda Wollenberg,000956829
Gerald Hawes,000972985
Earl Brooks,000123401
Deborah Baumgartner,000608434
John Allen,000204780
Andreas Vizcarrondo,000375394
Terry Dolly,000505310
Virginia Montgomery,000364221
Erica Vanscooter,000860270
Carl Sturgeon,000579485
Jennifer Sanders,000335838
Steven Hawkins,000943166
Scott James,000491391
Frank Silvernail,000783574
Gilbert Smith,000259772
Mark Lizarraga,000316170
Robbin Schuler,000179266
Paul Evans,000362648
Derrick Davis,000884790
Larhonda Delisi,000068544
Karen Murphy,000776986
Melanie Gandy,000620943
June Dutton,000948577
Henry Rodgers,000728339
Angela Hilser,000876591
Melvin Evans,000920905
Beatrice Franklin,000704790
Alfonso Stratman,000782249
Evan Warner,000733726
Scott Lynch,000718873
Fannie Brown,000349354
Jorge Kinney,000927994
Robert Westerfield,000624528
Alan Marion,000617336
Cary Eaton,000994049
David Coller,000146404
Gracie Thompson,000748931
Daniel Acosta,000987309
Brian Robinson,000890039
Mattie Owen,000461181
Cody Spencer,000512429
Arlene Culp,000524899
Rusty Goldfarb,000903449
Charles Jones,000449801
Michael Soto,000034825
Vicki Samuels,000364163
Sandra Gardner,000872545
David Kraft,000762895
Karry Joy,000275763
Shelly Bufkin,000468083
Jason Payne,000186269
Wiley Suarez,000886871
Justin Guadian,000024679
Shannon Pfeiffer,000062000
Dwayne Mccray,000403175
Sean Jackson,000108323
Vincent Fannin,000387889
Misty Brison,000142380
Melissa Godbee,000870799
Christopher Mccord,000995549
Jessica Scavone,000309332
Luis Dardy,000470110
Ronnie Keating,000162277
Jessica Aber,000208258
Louise Mann,000823908
Audrey Oliver,000111689
Emily Wasserman,000887103
Louise Atchinson,000110127
Lydia Williamson,000417404
Alexander Haycraft,000869857
Joseph Rodriguez,000545952
Michael Kent,000567420
Robert Ochoa,000343162
Richard Burbank,000020862
Dorothy Hancock,000301563
Joe Lenk,000174297
Elizabeth Pickelsimer,000894804
Manuel Wall,000701350
Debra Kilcrease,000777510
Stephanie Tracy,000853619
Jose Panahon,000798400
Rosendo Sanders,000740195
Constance Carrillo,000478993
Robert Walters,000639906
Joel Robinson,000702999
Janice Chiu,000922425
Jacob Hutchinson,000839953
Pok Rhodes,000579059
Bernardo England,000095802
Rodolfo Zaldivar,000153224
Sharon Nassar,000071895
Michael Hansen,000655867
Adam Hambright,000416437
Rose Hoy,000091002
Amelia Harman,000146526
Mabel Mazur,000010211
Daniel Bengtson,000957329
Kenneth Bassi,000572447
Nathan Carter,000609757
Harry Burrell,000211710
Alfred Thompson,000020292
Clyde Leatherwood,000814533
Nellie Crawford,000349170
Todd Fairchild,000675653
Sandra Dupree,000129984
Sylvia Bruce,000181672
John Gonzalez,000813362
Ernest Armstrong,000088533
Amy Crutchfield,000566361
Carol Laura,000695688
Kathy Walden,000382322
Carmen Mccoy,000657302
Carol Holden,000437452
Jennifer Oconnor,000003944
Jason Hayes,000560987
Linda Elliott,000304462
Angela Gumina,000984597
Cynthia Duarte,000385503
Alton Richarson,000959456
Kristin Fajardo,000036217
Elizabeth Walker,000152125
Marjorie Smith,000388387
Carolyn Kauffman,000539163
Nicolas Smith,000674949
Heather Barger,000141434
Joel Winks,000967153
Jimmy Brown,000946810
Sheila Horn,000525077
Robert Day,000174731
Anna Clark,000807856
Clint Abbott,000464066
Janice Rogers,000201735
Wayne Clark,000677891
Maria Davis,000573986
Jennifer Bridges,000522218
Yvonne Carpenter,000144818
John Dalton,000663872
Joyce Highsmith,000539110
Maxine Lundsten,000297495
Jeanette Stone,000906805
Jose Young,000271932
Frances Bouillon,000879729
Wilbert Chestnut,000133302
Victor Miller,000823876
Man Whitehurst,000042281
Paul Bickley,000661138
Diana Walker,000019249
Daniel Dougal,000899349
Ruby Burr,000742803
Zoraida Mcdonald,000236963
Kristin Howell,000156353
Marta Oakes,000788815
Graham Skeen,000842948
Tonya Ahmed,000979471
Daniel Joyner,000899740
Larry Greeno,000000700
Mitchel Young,000121344
Loretta Blaydes,000392933
Sarah Landfair,000350397
Claudette Brown,000146626
Richard Gonzalez,000102689
Lisa Swanson,000194759
Thomas Cardoso,000043654
David Bodine,000038445
Brian Kramer,000971230
Edith Tullio,000960778
Lauren Watring,000541611
Charles Knight,000527897
Nicole Steen,000679475
